R,AB,H,2B,3B,HR,BB,SO,SB,CS
746,5562,1423,292,19,188,550,1303.0,99.0,34.0
684,5489,1412,295,45,133,499,1043.0,148.0,53.0
780,5623,1494,310,24,191,513,982.0,116.0,46.0
712,5470,1419,229,41,95,650,802.0,67.0,55.0
720,3712,974,149,50,20,200,268.0,,
424,2211,622,51,36,5,43,22.0,16.0,7.0
615,5598,1442,309,28,95,401,1164.0,118.0,33.0
603,5483,1322,208,19,147,427,1027.0,119.0,45.0
247,1920,429,83,5,75,221,582.0,15.0,11.0
557,3356,871,92,35,2,34,64.0,65.0,33.0
577,5198,1277,194,59,35,516,632.0,179.0,
584,4982,1162,167,50,31,570,669.0,198.0,133.0
557,5168,1288,202,24,103,491,689.0,71.0,42.0
800,5602,1474,251,22,156,580,926.0,129.0,54.0
768,5610,1556,288,20,164,474,878.0,121.0,32.0
608,5457,1345,198,24,85,540,805.0,27.0,22.0
777,5406,1409,268,32,194,577,1077.0,67.0,36.0
897,5388,1594,251,47,136,482,405.0,85.0,
656,5057,1281,152,81,18,522,479.0,219.0,
596,5077,1330,204,55,22,470,467.0,78.0,54.0
484,5181,1246,147,91,20,372,618.0,173.0,
860,5615,1492,323,34,227,500,1099.0,69.0,36.0
256,2212,552,65,20,2,69,214.0,,
737,5572,1479,274,49,186,388,1283.0,97.0,43.0
729,5508,1401,251,37,112,647,847.0,56.0,36.0
592,5040,1318,180,80,20,448,561.0,224.0,
182,1213,278,34,16,2,125,152.0,101.0,
523,5101,1241,185,75,17,423,863.0,233.0,189.0
704,5476,1451,249,31,86,605,691.0,109.0,71.0
537,5290,1219,189,30,86,575,956.0,68.0,45.0
639,4773,1265,231,95,31,259,588.0,175.0,
672,5146,1363,222,59,30,447,479.0,239.0,
817,5397,1648,258,78,54,437,355.0,65.0,
801,5019,1390,252,25,186,564,889.0,58.0,39.0
557,5088,1266,197,77,31,313,600.0,137.0,
772,5562,1437,339,19,182,486,1372.0,112.0,26.0
573,5254,1297,193,46,33,561,581.0,173.0,87.0
759,4617,1195,161,65,29,531,257.0,238.0,
132,1562,304,33,6,2,8,36.0,1.0,5.0
615,5415,1334,198,34,102,561,797.0,66.0,58.0
731,5615,1468,301,25,194,479,1325.0,105.0,35.0
805,5585,1523,258,29,156,587,766.0,111.0,38.0
840,5278,1575,237,93,75,469,390.0,137.0,114.0
657,5465,1497,256,64,82,424,565.0,68.0,55.0
691,5472,1417,226,28,108,539,682.0,86.0,69.0
858,5290,1517,178,90,39,431,266.0,185.0,
601,5518,1346,216,31,98,579,954.0,108.0,58.0
612,5511,1405,203,35,112,491,885.0,90.0,47.0
719,5573,1459,221,35,152,488,973.0,109.0,56.0
589,4981,1234,143,61,16,407,598.0,187.0,
795,5581,1546,268,58,167,510,810.0,131.0,72.0
526,4966,1226,126,90,15,372,535.0,158.0,
677,5133,1403,219,77,12,407,,194.0,
925,5383,1656,355,90,42,623,376.0,50.0,42.0
817,5608,1539,271,40,172,585,1021.0,85.0,32.0
789,5628,1508,308,29,235,489,1080.0,66.0,28.0
890,5685,1566,326,23,246,548,1093.0,97.0,32.0
569,5221,1214,187,31,110,483,711.0,58.0,34.0
600,5381,1313,191,39,123,550,874.0,90.0,65.0
519,5456,1285,203,38,82,485,881.0,56.0,47.0
649,5463,1358,197,23,183,503,909.0,25.0,36.0
720,5530,1400,215,40,142,559,928.0,30.0,32.0
677,5200,1386,247,54,97,537,479.0,33.0,32.0
803,5591,1522,274,32,159,486,825.0,53.0,41.0
652,4971,1256,229,33,152,472,1060.0,138.0,46.0
662,5227,1333,216,38,126,529,837.0,95.0,53.0
842,5628,1510,192,65,140,572,886.0,198.0,43.0
847,5546,1548,266,56,186,573,806.0,135.0,68.0
810,5489,1490,274,26,179,595,1010.0,148.0,56.0
767,5541,1497,265,39,135,596,904.0,154.0,85.0
710,5491,1431,263,58,118,591,675.0,155.0,75.0
558,5046,1249,203,65,33,445,618.0,204.0,
740,5563,1366,297,25,177,620,1245.0,72.0,44.0
511,5495,1271,213,18,96,441,827.0,72.0,34.0
461,5029,1092,166,17,56,503,926.0,126.0,73.0
629,5521,1332,248,33,111,490,1026.0,92.0,30.0
803,5468,1458,294,36,187,590,999.0,89.0,30.0
640,5543,1452,311,37,94,452,1044.0,108.0,46.0
799,5409,1479,291,80,80,486,523.0,103.0,49.0
491,3665,1002,165,25,69,372,432.0,103.0,46.0
667,5108,1249,157,82,12,448,511.0,267.0,
501,5233,1277,188,38,64,451,596.0,65.0,
847,5579,1556,317,42,159,588,861.0,170.0,49.0
865,5521,1698,239,110,52,423,326.0,145.0,59.0
766,5349,1291,155,75,44,503,476.0,270.0,
778,5128,1372,207,94,23,681,527.0,241.0,146.0
779,5296,1343,160,111,30,499,480.0,227.0,
589,5256,1354,210,52,60,464,594.0,60.0,
696,5550,1419,291,27,191,606,1094.0,67.0,26.0
583,5394,1382,224,52,49,461,745.0,190.0,95.0
443,3591,883,146,28,81,368,498.0,138.0,40.0
543,5292,1307,210,55,23,439,448.0,66.0,47.0
969,4689,1404,213,126,55,352,258.0,267.0,
629,5472,1306,275,19,125,516,1264.0,101.0,34.0
690,5375,1236,229,19,197,596,1397.0,83.0,27.0
693,5215,1353,255,50,102,606,604.0,23.0,
405,4632,1097,147,34,6,254,544.0,187.0,
641,5528,1345,244,16,173,504,1260.0,77.0,44.0
629,5447,1317,240,19,163,495,1442.0,122.0,37.0
655,5490,1400,209,38,94,611,800.0,101.0,54.0
617,5492,1318,166,40,139,616,991.0,59.0,48.0
925,5519,1535,304,44,226,709,1032.0,79.0,39.0
597,5210,1294,157,62,22,298,470.0,227.0,
231,1036,274,44,25,3,38,30.0,53.0,10.0
801,5194,1420,226,52,139,656,644.0,34.0,44.0
645,5538,1399,254,36,122,501,1419.0,58.0,21.0
740,5542,1477,280,34,150,509,1103.0,65.0,32.0
764,5589,1451,274,23,197,642,1181.0,71.0,36.0
857,5193,1406,230,44,201,674,718.0,79.0,56.0
859,5510,1551,258,56,213,528,905.0,66.0,47.0
975,5347,1644,291,103,158,635,605.0,90.0,64.0
80,451,99,6,1,0,1,3.0,,
605,5114,1339,180,90,34,410,575.0,153.0,
669,5575,1411,284,23,142,504,1189.0,104.0,27.0
804,5536,1530,265,38,173,520,805.0,95.0,53.0
90,899,223,30,6,2,22,130.0,,
738,5526,1379,317,22,166,534,1328.0,47.0,27.0
615,5384,1348,241,24,138,538,904.0,93.0,76.0
651,5379,1327,240,45,110,553,947.0,119.0,60.0
729,5498,1432,263,24,174,493,1039.0,85.0,46.0
758,4871,1177,172,70,25,353,439.0,334.0,
890,5308,1543,287,57,124,591,505.0,42.0,44.0
717,5187,1525,294,79,62,453,363.0,75.0,85.0
735,5361,1541,281,77,52,440,398.0,44.0,
821,5354,1506,269,64,100,601,557.0,79.0,61.0
770,5499,1397,302,28,208,543,1371.0,76.0,28.0
569,5440,1342,236,48,74,435,830.0,140.0,61.0
254,1929,435,88,5,60,207,545.0,50.0,16.0
626,5214,1287,187,55,164,428,806.0,37.0,35.0
981,5537,1606,303,52,172,647,630.0,38.0,23.0
589,5488,1303,222,24,128,455,1384.0,45.0,31.0
382,3757,963,170,35,32,311,525.0,83.0,62.0
497,5244,1219,174,44,26,430,465.0,55.0,42.0
472,5207,1220,186,18,91,420,762.0,49.0,53.0
559,5285,1309,215,33,88,415,577.0,44.0,40.0
801,5602,1608,275,34,143,490,872.0,101.0,42.0
586,5532,1410,209,46,73,471,739.0,120.0,53.0
737,5527,1490,252,56,96,489,823.0,134.0,112.0
586,5414,1306,203,28,138,438,907.0,59.0,33.0
659,5092,1366,190,77,27,508,620.0,193.0,
708,5448,1404,248,32,133,552,866.0,152.0,58.0
697,5631,1462,292,27,140,461,1322.0,98.0,45.0
647,5509,1354,200,38,125,533,916.0,50.0,33.0
583,5561,1383,227,48,73,378,897.0,110.0,45.0
755,5273,1392,241,39,137,707,733.0,43.0,17.0
897,5484,1693,305,51,153,573,470.0,59.0,
756,4929,1244,180,51,21,482,412.0,232.0,
194,1469,326,40,33,7,53,282.0,,
464,3637,972,190,24,64,375,553.0,58.0,37.0
562,5373,1274,207,41,105,445,966.0,98.0,54.0
624,5441,1319,257,22,154,470,1323.0,106.0,38.0
641,5511,1446,232,36,96,432,673.0,52.0,57.0
631,5228,1439,241,41,52,447,377.0,60.0,
390,3758,829,121,21,8,214,412.0,,
627,5469,1423,264,35,86,429,559.0,31.0,
831,5702,1620,270,45,157,456,944.0,141.0,54.0
737,5535,1415,285,42,140,524,921.0,140.0,65.0
964,4872,1584,243,66,19,437,255.0,401.0,
835,5442,1655,246,106,67,413,407.0,92.0,71.0
883,5461,1724,268,100,58,582,376.0,95.0,89.0
687,5379,1397,224,40,153,457,828.0,45.0,22.0
767,5515,1444,239,29,169,560,946.0,125.0,48.0
810,4854,1171,186,96,16,478,713.0,260.0,
291,2135,545,72,34,6,78,110.0,,
675,5686,1506,217,57,111,419,1008.0,51.0,38.0
610,5501,1411,284,42,75,439,741.0,131.0,71.0
691,5401,1360,246,28,161,552,871.0,51.0,34.0
604,5360,1244,179,54,122,525,1062.0,80.0,54.0
730,5458,1376,204,38,181,581,975.0,57.0,27.0
394,5060,1174,168,37,44,392,488.0,37.0,
668,5321,1553,234,56,37,343,374.0,70.0,97.0
348,2074,556,130,3,103,239,573.0,23.0,4.0
613,5364,1331,240,41,117,554,814.0,87.0,54.0
731,5576,1465,298,38,161,564,1104.0,123.0,31.0
893,5519,1430,287,20,235,770,1129.0,70.0,37.0
665,5675,1474,294,50,138,478,877.0,88.0,50.0
692,5246,1463,254,57,42,532,458.0,191.0,119.0
703,3786,1027,118,63,26,147,482.0,,
859,5572,1499,263,21,244,610,1095.0,130.0,45.0
558,5256,1324,220,49,44,353,593.0,50.0,67.0
621,5524,1321,216,29,166,548,1104.0,34.0,20.0
53,395,88,25,0,0,20,70.0,,
474,2267,683,71,21,4,35,33.0,36.0,24.0
871,5556,1541,294,25,205,631,1007.0,99.0,48.0
600,5415,1351,263,44,79,420,713.0,97.0,42.0
376,1281,410,66,27,9,46,23.0,56.0,12.0
597,5506,1378,208,38,95,448,916.0,43.0,30.0
636,5461,1437,204,41,82,377,477.0,31.0,
730,5220,1508,314,60,32,556,381.0,121.0,77.0
695,5522,1395,232,26,159,442,879.0,123.0,64.0
740,5581,1542,278,35,117,478,743.0,111.0,53.0
675,5221,1358,194,58,112,601,534.0,44.0,40.0
548,5395,1316,188,64,9,366,645.0,189.0,
514,3773,917,149,66,25,216,451.0,,
626,5298,1344,223,50,56,586,599.0,43.0,
707,5422,1511,265,66,65,485,409.0,47.0,
558,5099,1206,179,32,122,483,793.0,17.0,21.0
648,5332,1384,199,47,108,505,525.0,63.0,28.0
1220,5011,1658,272,94,103,535,261.0,241.0,
639,5426,1367,311,32,117,491,1090.0,45.0,45.0
720,5538,1432,261,29,150,461,1057.0,67.0,48.0
741,5531,1446,257,39,196,501,977.0,81.0,61.0
620,5568,1375,200,35,131,436,784.0,67.0,38.0
471,2722,723,96,24,9,58,98.0,,
406,3689,777,105,50,2,143,411.0,,
592,5319,1386,186,42,33,470,477.0,127.0,59.0
768,5293,1544,320,73,32,554,331.0,89.0,58.0
662,5513,1379,294,29,124,471,1142.0,151.0,36.0
626,5051,1254,164,75,20,464,634.0,288.0,
753,5596,1536,271,31,136,547,736.0,42.0,39.0
858,5594,1463,266,23,241,616,1386.0,90.0,22.0
707,5478,1308,224,20,198,456,1446.0,128.0,41.0
856,5624,1584,294,52,151,535,932.0,127.0,39.0
560,5173,1262,210,60,91,471,652.0,22.0,22.0
505,5254,1336,187,88,14,362,573.0,157.0,
751,5259,1405,215,51,88,751,502.0,39.0,52.0
691,5551,1447,275,26,158,494,1001.0,116.0,52.0
575,5309,1396,233,33,75,353,436.0,20.0,
673,4886,1278,214,29,144,517,916.0,131.0,53.0
732,5536,1404,237,35,144,586,920.0,177.0,53.0
936,4753,1407,228,71,61,517,255.0,223.0,
663,5568,1462,209,24,148,492,846.0,123.0,72.0
789,5364,1494,209,50,150,644,618.0,43.0,26.0
693,5525,1466,284,40,125,466,913.0,166.0,66.0
689,5491,1341,272,30,171,567,1518.0,95.0,37.0
660,5234,1396,257,47,85,503,510.0,53.0,
741,5191,1402,242,38,112,567,648.0,122.0,48.0
861,5630,1492,283,21,243,640,1114.0,58.0,35.0
710,5269,1470,243,44,112,475,602.0,43.0,35.0
859,5567,1485,275,32,201,662,1136.0,103.0,30.0
617,5361,1359,213,41,129,530,819.0,130.0,76.0
716,5487,1403,277,33,164,452,1284.0,139.0,51.0
683,5489,1351,280,21,147,504,934.0,158.0,53.0
768,5582,1518,348,36,167,472,1089.0,79.0,62.0
593,5591,1399,255,41,74,498,817.0,135.0,79.0
739,5464,1344,305,15,234,565,1491.0,57.0,22.0
585,5492,1319,230,52,71,478,888.0,101.0,51.0
910,5626,1579,339,21,199,653,1044.0,45.0,12.0
557,5378,1240,235,27,110,380,1413.0,47.0,24.0
482,4546,944,98,49,30,246,499.0,331.0,
694,5447,1365,171,40,148,630,900.0,52.0,40.0
847,5526,1418,325,31,212,607,1374.0,98.0,18.0
859,5628,1553,321,28,234,558,1081.0,115.0,39.0
274,2026,523,102,7,77,164,514.0,19.0,14.0
804,5391,1502,299,66,79,625,627.0,62.0,20.0
814,5450,1469,274,32,199,529,1089.0,91.0,35.0
852,5454,1661,253,90,80,448,421.0,116.0,83.0
608,5329,1362,229,47,43,445,476.0,49.0,
877,5673,1633,332,47,118,576,958.0,143.0,53.0
759,5676,1586,238,66,158,405,1011.0,64.0,60.0
743,5650,1469,269,12,232,392,1412.0,32.0,13.0
610,5434,1305,231,35,161,424,1376.0,96.0,45.0
688,5564,1441,269,32,134,485,978.0,102.0,44.0
730,5237,1445,244,66,48,556,400.0,86.0,61.0
877,5685,1555,297,51,156,665,1049.0,91.0,32.0
407,3576,920,176,30,55,278,494.0,122.0,52.0
727,5294,1411,221,56,129,566,652.0,52.0,42.0
697,5557,1454,270,38,133,503,816.0,156.0,56.0
617,5486,1289,250,30,162,471,1523.0,95.0,36.0
712,5489,1444,255,47,138,468,832.0,49.0,28.0
771,5655,1499,285,24,147,601,1014.0,109.0,55.0
656,5246,1385,255,37,101,496,601.0,33.0,45.0
578,5111,1245,203,75,31,568,572.0,76.0,48.0
535,5294,1199,224,30,109,468,1294.0,91.0,34.0
763,4524,1311,219,69,22,380,216.0,194.0,
636,5408,1321,204,36,121,501,1069.0,101.0,64.0
604,3225,892,209,54,15,142,262.0,,
752,5533,1400,245,21,153,615,1189.0,113.0,53.0
713,5540,1490,259,57,65,484,650.0,218.0,106.0
921,5646,1715,357,82,123,514,470.0,66.0,53.0
664,5163,1305,212,35,89,683,561.0,52.0,43.0
673,5323,1207,221,15,219,557,1427.0,100.0,30.0
682,5291,1379,180,105,21,578,594.0,289.0,
1025,4937,1574,230,83,45,423,263.0,233.0,
665,5245,1475,265,67,74,445,489.0,48.0,
796,5357,1373,275,22,190,586,1389.0,57.0,20.0
571,5297,1321,186,36,66,499,556.0,29.0,
530,4991,1178,142,64,16,441,627.0,224.0,
744,5574,1446,250,47,129,598,911.0,114.0,41.0
759,5479,1358,276,18,221,632,1362.0,54.0,24.0
593,4520,1162,134,78,37,332,300.0,185.0,
843,5576,1588,308,93,49,481,459.0,72.0,64.0
593,5439,1367,242,36,96,470,782.0,131.0,38.0
414,2518,618,108,35,7,103,405.0,,
618,5366,1307,217,44,119,558,917.0,81.0,47.0
842,5736,1614,319,18,169,528,949.0,101.0,41.0
612,5286,1393,257,68,47,358,552.0,42.0,35.0
783,5497,1465,300,35,198,616,961.0,74.0,21.0
744,5483,1438,230,41,153,501,905.0,57.0,52.0
512,4972,1209,190,54,13,375,581.0,129.0,
1009,4725,1530,235,89,25,355,243.0,310.0,
772,5572,1493,296,25,159,568,1226.0,75.0,35.0
781,5522,1484,292,27,184,531,922.0,59.0,32.0
552,5080,1262,166,71,19,449,,176.0,
725,5579,1442,206,35,197,441,889.0,55.0,49.0
574,5474,1300,156,25,155,450,914.0,53.0,41.0
740,5000,1329,249,42,128,502,800.0,105.0,40.0
833,5577,1531,331,34,202,568,1181.0,44.0,33.0
710,5523,1428,325,41,165,640,1095.0,104.0,43.0
729,5576,1437,219,20,211,524,939.0,69.0,45.0
682,5537,1387,266,23,159,550,1036.0,81.0,44.0
915,5660,1604,325,21,244,663,1014.0,111.0,28.0
792,5545,1424,213,25,179,717,952.0,84.0,39.0
670,5193,1371,202,96,17,545,529.0,190.0,
816,5580,1482,316,19,221,564,1132.0,184.0,81.0
758,5245,1504,220,75,95,497,532.0,62.0,59.0
601,5251,1385,196,100,26,312,477.0,153.0,
536,5114,1238,170,60,12,535,597.0,185.0,
912,5372,1651,316,105,78,499,363.0,159.0,63.0
567,4996,1192,187,63,17,460,,125.0,
824,5534,1510,293,38,192,519,1408.0,59.0,34.0
735,3129,977,121,61,17,34,28.0,45.0,19.0
695,5553,1479,259,44,108,506,603.0,30.0,35.0
289,1975,470,105,12,80,243,608.0,48.0,9.0
701,5465,1445,273,42,143,432,890.0,121.0,56.0
605,5358,1284,176,37,117,516,910.0,176.0,89.0
608,5472,1371,200,34,91,486,744.0,144.0,55.0
656,5207,1405,231,77,24,469,488.0,139.0,82.0
535,4528,1021,151,46,16,268,485.0,246.0,
763,5490,1403,268,29,203,536,1252.0,121.0,39.0
941,4855,1350,187,113,49,431,321.0,203.0,
722,5393,1476,224,73,82,410,584.0,68.0,
590,5106,1297,159,92,20,457,658.0,162.0,144.0
609,5437,1327,261,39,137,484,1228.0,149.0,41.0
710,5243,1414,247,35,158,423,761.0,70.0,33.0
371,2144,591,86,18,2,31,63.0,42.0,21.0
451,5077,1105,131,60,12,415,841.0,169.0,
780,5277,1352,210,49,164,599,648.0,51.0,
855,5555,1544,319,24,214,548,1085.0,111.0,47.0
756,5690,1616,263,27,124,480,589.0,91.0,49.0
724,5263,1393,198,48,170,463,793.0,69.0,37.0
755,5304,1558,255,88,22,513,392.0,115.0,87.0
734,5604,1459,339,16,165,428,1197.0,97.0,31.0
823,5592,1591,255,95,32,596,406.0,54.0,37.0
816,5555,1460,298,36,179,503,1224.0,88.0,25.0
687,5367,1392,234,51,112,502,609.0,29.0,25.0
758,5507,1431,216,28,147,595,919.0,128.0,57.0
572,5108,1245,176,81,18,470,640.0,220.0,163.0
737,5472,1497,235,43,132,493,672.0,58.0,44.0
703,5428,1363,265,13,177,539,1344.0,57.0,23.0
774,5666,1571,326,30,108,643,755.0,56.0,35.0
274,1908,430,91,11,71,238,524.0,26.0,3.0
585,5234,1366,195,80,28,355,550.0,187.0,
884,4419,1166,184,75,43,517,361.0,349.0,
595,5536,1403,228,44,90,503,876.0,87.0,49.0
669,5459,1374,209,27,159,447,1056.0,137.0,53.0
698,5443,1442,236,32,106,539,889.0,91.0,63.0
751,5490,1459,292,44,157,515,978.0,150.0,74.0
730,5433,1400,301,20,180,502,1233.0,71.0,37.0
560,5233,1351,209,40,80,417,590.0,41.0,
728,5193,1389,150,71,32,375,424.0,235.0,
526,3731,921,123,57,21,217,428.0,,
829,5641,1572,298,49,111,529,979.0,102.0,42.0
707,5516,1445,256,45,113,537,852.0,156.0,43.0
625,5065,1308,159,54,16,466,,215.0,
677,5424,1271,241,30,186,582,1520.0,69.0,26.0
510,5336,1233,205,28,66,479,988.0,44.0,51.0
703,5026,1335,178,83,33,333,408.0,183.0,
817,5286,1371,243,66,155,648,606.0,59.0,36.0
535,3902,1026,213,27,108,434,686.0,76.0,46.0
716,5475,1415,274,43,150,540,1388.0,128.0,51.0
676,5468,1282,265,34,170,566,1404.0,71.0,39.0
923,5690,1663,324,61,213,511,1027.0,132.0,54.0
840,4615,1326,209,101,55,522,403.0,238.0,
739,5374,1338,275,34,182,491,1356.0,76.0,23.0
755,5529,1426,243,35,175,514,926.0,55.0,43.0
865,4723,1421,175,75,36,414,275.0,243.0,
774,5249,1428,241,50,83,732,561.0,88.0,
589,5132,1356,260,62,38,389,512.0,99.0,64.0
237,1457,377,35,10,1,19,25.0,19.0,16.0
755,5332,1580,306,59,41,492,371.0,84.0,56.0
536,5310,1137,154,34,109,566,958.0,90.0,50.0
800,5485,1494,286,69,101,600,535.0,36.0,
809,5466,1511,276,68,76,553,494.0,69.0,
555,5048,1243,198,64,14,466,473.0,105.0,
666,5095,1360,209,58,19,397,623.0,280.0,
742,5449,1529,237,48,97,431,452.0,31.0,
679,5463,1357,229,20,162,537,1019.0,78.0,38.0
642,5491,1356,184,40,106,562,902.0,75.0,39.0
677,5283,1350,249,84,103,512,605.0,63.0,47.0
763,5330,1399,211,49,148,626,749.0,46.0,39.0
944,5667,1783,345,44,126,450,459.0,34.0,
563,4779,1182,238,24,107,436,920.0,79.0,46.0
665,5365,1453,266,67,52,468,504.0,94.0,40.0
689,5318,1372,218,56,137,557,615.0,29.0,27.0
596,5175,1269,229,36,78,569,646.0,37.0,43.0
673,5462,1349,280,25,158,531,1129.0,96.0,40.0
724,5545,1367,291,29,198,554,1452.0,102.0,44.0
503,5248,1240,200,36,98,487,930.0,42.0,50.0
724,5590,1512,287,32,142,536,758.0,30.0,26.0
693,5462,1400,281,32,161,481,1037.0,115.0,44.0
872,5481,1566,301,80,145,590,597.0,55.0,49.0
828,5329,1592,292,80,109,446,414.0,70.0,51.0
537,5131,1228,137,43,17,414,489.0,134.0,
730,5229,1354,239,62,98,609,607.0,37.0,38.0
651,5412,1313,241,37,170,444,1354.0,73.0,52.0
540,5190,1268,192,45,145,402,659.0,67.0,34.0
435,5017,1121,125,43,14,400,551.0,135.0,
493,5124,1204,167,22,88,472,868.0,64.0,57.0
573,3957,1004,152,69,17,146,408.0,,
649,5301,1539,236,111,36,349,334.0,103.0,98.0
894,5662,1578,304,40,178,624,986.0,101.0,48.0
659,4747,1149,130,76,55,270,456.0,314.0,
739,5423,1349,255,26,192,542,1000.0,52.0,37.0
506,5112,1243,134,57,12,390,627.0,223.0,
495,5441,1202,203,27,107,392,1129.0,28.0,42.0
825,5658,1544,268,61,183,538,1003.0,82.0,40.0
686,4840,1401,248,68,33,308,353.0,140.0,
610,5456,1355,255,32,140,417,1205.0,73.0,29.0
738,5457,1415,257,29,158,568,871.0,145.0,64.0
630,5494,1326,284,35,135,428,1341.0,70.0,30.0
849,5583,1510,312,26,222,526,1169.0,52.0,35.0
610,5316,1337,199,38,80,541,521.0,61.0,38.0
714,5260,1460,251,64,92,508,517.0,83.0,
751,5252,1493,222,129,39,420,514.0,177.0,
804,5490,1413,295,13,149,633,1122.0,131.0,47.0
700,5500,1388,195,36,148,592,908.0,73.0,32.0
476,2435,677,78,50,2,28,33.0,27.0,18.0
820,5339,1465,287,70,51,610,535.0,116.0,47.0
806,5491,1424,228,44,179,607,844.0,39.0,16.0
1002,5477,1564,279,82,160,766,527.0,77.0,66.0
721,5267,1380,231,32,153,624,739.0,29.0,21.0
712,5451,1432,284,22,167,449,1051.0,114.0,52.0
443,2806,728,110,28,9,128,193.0,,
722,5640,1467,241,22,154,509,835.0,41.0,39.0
656,5544,1379,262,22,198,478,1336.0,69.0,45.0
683,5508,1379,208,40,114,571,896.0,64.0,28.0
623,5423,1265,219,31,190,449,1539.0,77.0,27.0
637,5508,1401,255,50,110,537,1016.0,193.0,95.0
486,5366,1250,184,31,96,438,966.0,70.0,45.0
269,1997,482,101,12,58,181,461.0,23.0,7.0
659,5194,1384,229,41,109,463,678.0,48.0,32.0
857,5203,1574,300,95,35,574,379.0,73.0,92.0
840,5028,1461,279,23,207,542,766.0,132.0,53.0
775,4511,1200,173,83,45,473,296.0,213.0,
790,5609,1522,337,30,207,503,1093.0,62.0,36.0
812,5584,1498,264,22,196,586,952.0,63.0,26.0
899,5379,1587,262,74,142,554,518.0,51.0,44.0
284,2178,531,51,36,1,57,147.0,,
779,5548,1415,299,32,225,526,1318.0,35.0,26.0
431,3507,922,150,21,39,343,379.0,119.0,37.0
723,5549,1435,282,24,177,502,1151.0,78.0,21.0
652,3955,1048,216,25,161,520,897.0,46.0,33.0
750,5606,1471,293,33,182,546,1216.0,81.0,26.0
515,5193,1201,181,30,92,486,724.0,43.0,41.0
442,3727,820,114,30,6,265,430.0,,
624,5571,1398,249,53,126,448,813.0,67.0,72.0
651,5484,1386,269,27,142,518,1113.0,190.0,67.0
617,5432,1315,198,24,116,585,899.0,103.0,50.0
621,5373,1350,220,46,84,465,713.0,23.0,35.0
755,5495,1364,319,21,257,471,1164.0,58.0,20.0
820,5578,1439,312,35,224,589,1155.0,119.0,28.0
816,4860,1423,199,81,26,421,269.0,274.0,
855,5588,1552,329,21,184,636,1186.0,87.0,34.0
658,5344,1405,220,44,60,532,500.0,61.0,55.0
541,3820,837,124,59,17,279,529.0,,
724,5514,1497,215,28,121,563,746.0,81.0,48.0
747,4903,1326,277,35,161,519,946.0,190.0,68.0
740,5614,1400,210,28,148,617,953.0,100.0,39.0
775,5468,1417,282,40,171,573,1197.0,112.0,44.0
572,5286,1395,199,39,56,366,494.0,41.0,
500,4639,1133,166,68,12,271,541.0,101.0,
708,5440,1369,238,33,129,593,957.0,118.0,55.0
571,5480,1377,196,61,108,345,977.0,144.0,61.0
656,5115,1310,183,89,21,479,492.0,248.0,
720,5143,1376,189,86,19,530,,270.0,
275,2057,528,84,16,63,161,543.0,42.0,9.0
555,5440,1319,228,28,96,432,848.0,95.0,69.0
690,5767,1573,281,36,106,379,938.0,59.0,55.0
811,5604,1504,305,27,178,590,1202.0,72.0,41.0
758,5500,1305,254,28,239,588,1581.0,115.0,47.0
779,5518,1465,234,29,175,634,806.0,82.0,45.0
853,5651,1566,363,29,178,581,1308.0,123.0,19.0
642,5459,1361,273,18,147,545,1062.0,66.0,48.0
710,5392,1378,270,32,136,636,899.0,137.0,58.0
756,5670,1540,266,42,172,404,974.0,106.0,37.0
702,4490,1057,181,51,24,475,540.0,305.0,
671,5453,1472,295,49,95,526,928.0,122.0,44.0
743,5415,1543,255,90,66,457,437.0,30.0,
673,5632,1530,190,37,111,520,791.0,74.0,45.0
896,5649,1535,274,32,225,653,913.0,106.0,50.0
692,5406,1293,287,31,159,556,1464.0,117.0,41.0
840,5643,1505,303,23,215,645,1133.0,100.0,27.0
545,5081,1204,183,72,16,436,634.0,127.0,89.0
675,4654,1248,170,50,14,411,379.0,265.0,
719,5494,1433,231,25,148,560,945.0,90.0,51.0
638,5335,1395,189,46,121,463,725.0,22.0,36.0
776,5557,1442,300,39,202,466,1240.0,158.0,39.0
631,5450,1307,191,29,158,512,947.0,55.0,45.0
703,5538,1396,215,33,150,516,1190.0,124.0,40.0
706,5351,1303,261,22,198,478,1341.0,89.0,22.0
633,5497,1349,247,26,147,452,1133.0,112.0,26.0
351,1248,384,51,34,6,49,19.0,62.0,24.0
908,5658,1566,289,46,216,588,1045.0,137.0,39.0
705,5347,1494,263,44,101,375,630.0,59.0,
668,5456,1419,209,48,113,577,992.0,198.0,91.0
717,5570,1467,303,47,152,531,1006.0,76.0,38.0
867,5416,1693,291,94,98,473,381.0,132.0,73.0
673,5604,1418,297,35,133,456,1115.0,102.0,45.0
466,4091,1016,107,72,15,371,285.0,200.0,
263,1935,472,82,5,60,191,537.0,51.0,14.0
803,5462,1434,297,36,199,642,1229.0,194.0,61.0
829,5628,1531,279,25,161,617,953.0,126.0,72.0
626,5506,1372,259,46,93,537,934.0,88.0,38.0
762,5686,1571,256,24,192,527,974.0,53.0,39.0
757,5130,1335,218,101,54,585,617.0,214.0,
569,3883,1045,211,18,153,372,652.0,48.0,21.0
747,5482,1411,255,35,189,571,1170.0,60.0,44.0
726,5229,1410,243,62,98,605,590.0,65.0,53.0
757,5371,1401,258,24,181,608,847.0,99.0,49.0
533,5349,1244,212,50,69,452,1019.0,132.0,59.0
762,5176,1474,230,90,33,470,641.0,273.0,
721,5441,1453,229,25,101,520,510.0,82.0,
755,5508,1440,239,40,114,644,696.0,105.0,69.0
829,5644,1529,254,46,187,602,941.0,106.0,68.0
584,5233,1351,215,41,90,492,603.0,48.0,44.0
643,5478,1418,240,35,75,531,796.0,100.0,46.0
738,5627,1521,259,32,161,446,923.0,100.0,43.0
660,5675,1481,262,46,113,403,910.0,120.0,46.0
1018,4913,1393,204,97,66,486,364.0,231.0,
797,5570,1512,275,23,188,645,911.0,139.0,48.0
648,5416,1333,225,44,122,474,960.0,92.0,58.0
802,4810,1343,202,72,24,351,251.0,187.0,
605,5160,1377,285,69,28,413,494.0,85.0,80.0
928,5702,1622,323,32,221,660,1041.0,83.0,26.0
731,5581,1449,265,40,142,521,923.0,144.0,58.0
772,5586,1531,272,29,145,544,1042.0,73.0,49.0
749,5456,1407,255,30,141,563,906.0,165.0,76.0
716,5212,1345,226,53,74,601,530.0,73.0,55.0
540,5257,1263,177,39,54,560,742.0,34.0,46.0
813,5545,1569,310,39,124,623,728.0,65.0,36.0
783,4360,1283,204,73,20,382,226.0,350.0,
579,5412,1329,236,42,95,484,1056.0,221.0,100.0
944,5009,1365,206,85,20,400,425.0,336.0,
408,4925,1115,136,43,16,356,681.0,93.0,
878,5670,1598,343,25,208,558,1160.0,83.0,24.0
568,5314,1147,249,15,137,433,1389.0,78.0,23.0
703,5005,1398,270,34,120,471,916.0,105.0,57.0
550,5385,1265,210,23,63,534,812.0,126.0,80.0
636,3845,896,133,84,32,211,545.0,,
543,3943,1042,178,16,120,402,715.0,65.0,54.0
582,5549,1333,292,41,149,391,1595.0,57.0,20.0
802,5223,1525,244,97,43,555,369.0,122.0,89.0
750,5526,1476,252,30,211,493,1303.0,58.0,29.0
582,5070,1219,231,57,17,549,620.0,121.0,98.0
585,5104,1250,173,49,54,537,536.0,41.0,
819,5304,1514,172,88,47,468,264.0,210.0,
831,5649,1494,250,34,212,601,1223.0,65.0,44.0
658,3952,987,151,60,11,172,339.0,,
945,5651,1653,304,29,230,611,937.0,111.0,54.0
753,5343,1425,259,56,72,590,480.0,81.0,
529,4880,1157,155,45,8,534,617.0,203.0,
892,4937,1436,178,97,27,477,263.0,271.0,
769,5542,1368,268,21,220,586,1276.0,65.0,20.0
799,5606,1491,274,38,172,619,1024.0,138.0,36.0
657,5398,1333,256,25,161,467,1106.0,93.0,73.0
521,2126,673,107,30,7,29,26.0,48.0,14.0
916,5353,1613,241,83,31,441,337.0,212.0,
585,5109,1263,162,98,25,420,457.0,186.0,
624,2748,926,131,32,8,70,45.0,,
656,5515,1442,239,25,136,484,917.0,96.0,68.0
644,5592,1418,203,43,140,457,998.0,76.0,47.0
366,2207,588,46,23,6,55,47.0,20.0,13.0
677,5046,1359,259,65,61,523,452.0,56.0,46.0
724,5293,1407,263,62,91,523,553.0,61.0,
982,5471,1655,310,46,139,589,567.0,103.0,
842,5586,1554,273,26,174,606,825.0,77.0,45.0
654,5414,1406,197,31,116,512,846.0,66.0,44.0
695,5458,1433,260,46,122,503,989.0,101.0,49.0
702,5536,1436,260,24,193,390,1166.0,91.0,31.0
743,5665,1516,277,24,152,431,902.0,89.0,36.0
670,3986,1155,238,16,139,530,660.0,55.0,40.0
585,4000,1111,246,30,108,379,669.0,137.0,36.0
349,2042,523,97,6,118,228,471.0,29.0,8.0
572,3926,931,120,26,4,118,558.0,,
647,5472,1335,228,49,120,500,909.0,106.0,75.0
622,5152,1386,172,90,31,376,559.0,173.0,
581,5475,1356,197,31,94,498,1054.0,117.0,56.0
773,4604,1374,192,88,16,435,348.0,181.0,
772,5605,1493,316,29,198,520,1131.0,46.0,35.0
759,5294,1418,212,39,164,537,822.0,48.0,32.0
700,5425,1341,263,30,149,567,1289.0,101.0,32.0
669,3657,1010,209,86,34,123,423.0,,
806,5263,1417,222,46,164,693,624.0,40.0,34.0
547,3978,1045,238,21,99,417,680.0,59.0,37.0
570,5404,1286,205,44,127,439,1049.0,68.0,60.0
738,5314,1460,262,42,74,580,405.0,46.0,28.0
760,5508,1499,282,48,161,500,863.0,174.0,73.0
659,5447,1412,235,45,84,604,775.0,99.0,47.0
819,4725,1303,173,89,32,475,336.0,280.0,
739,5490,1443,220,24,183,556,834.0,106.0,46.0
737,5340,1481,302,63,30,603,417.0,79.0,61.0
283,1560,408,40,19,2,20,36.0,11.0,8.0
366,2273,633,79,30,0,57,111.0,,
687,5500,1384,261,49,154,473,840.0,128.0,48.0
787,5505,1475,285,26,175,542,927.0,86.0,42.0
539,5034,1210,169,79,20,490,681.0,138.0,117.0
348,3493,868,136,35,57,304,603.0,103.0,42.0
764,5567,1397,272,19,212,554,1227.0,63.0,25.0
700,5201,1407,294,56,50,525,464.0,58.0,37.0
870,4800,1308,178,73,48,474,490.0,307.0,
726,4748,1202,209,65,42,420,467.0,231.0,
635,5517,1389,236,23,125,445,923.0,128.0,59.0
720,5565,1408,307,45,173,571,1298.0,102.0,40.0
765,5525,1446,257,23,215,436,1220.0,99.0,36.0
601,5081,1277,194,100,17,447,591.0,197.0,
569,5566,1372,195,31,103,353,932.0,36.0,31.0
521,5112,1255,166,65,19,472,765.0,202.0,160.0
632,5482,1353,267,30,100,572,958.0,160.0,70.0
730,5463,1505,290,33,127,454,668.0,97.0,62.0
834,4531,1255,185,94,53,340,392.0,373.0,
858,5676,1565,345,29,184,606,1009.0,94.0,55.0
635,5496,1314,214,29,169,469,1102.0,59.0,36.0
741,5505,1398,232,34,137,639,947.0,148.0,55.0
419,3196,793,114,34,8,89,186.0,,
722,5664,1494,306,29,165,455,1070.0,122.0,62.0
729,4649,1170,178,77,14,375,486.0,355.0,
370,3546,838,138,29,57,342,611.0,72.0,41.0
968,5660,1664,320,53,161,601,907.0,131.0,61.0
680,5458,1378,245,20,183,475,1188.0,72.0,22.0
761,5624,1520,278,30,147,447,848.0,161.0,57.0
654,5502,1387,252,16,154,475,989.0,81.0,53.0
811,5553,1458,296,13,235,540,1016.0,67.0,34.0
648,5184,1449,229,67,32,386,330.0,83.0,
828,5451,1578,340,66,84,577,641.0,49.0,
795,5561,1509,290,33,139,586,989.0,108.0,37.0
708,5526,1399,229,40,145,563,977.0,110.0,66.0
921,4692,1433,194,69,29,476,365.0,188.0,
698,4519,1216,173,89,42,355,368.0,219.0,
720,5098,1315,212,36,179,649,738.0,65.0,37.0
772,5475,1507,274,59,100,544,473.0,37.0,
818,5646,1511,358,22,211,587,1140.0,68.0,17.0
657,4180,1085,151,59,24,250,537.0,156.0,
692,4548,1292,174,87,28,344,269.0,198.0,
463,4588,1175,163,52,18,304,418.0,148.0,
1179,5088,1780,258,137,40,510,254.0,285.0,
528,5316,1221,151,29,88,516,929.0,54.0,39.0
927,5680,1637,310,38,169,614,989.0,174.0,42.0
883,5622,1604,293,33,173,547,1054.0,148.0,63.0
557,5113,1259,197,91,24,419,656.0,182.0,111.0
662,3883,952,150,26,17,144,652.0,,
662,5245,1281,211,36,150,480,964.0,123.0,45.0
568,5326,1383,214,42,70,437,793.0,104.0,48.0
702,5351,1232,262,24,173,531,1341.0,104.0,29.0
437,3576,859,181,48,3,141,355.0,,
711,5410,1496,235,62,59,430,520.0,60.0,
748,5640,1495,294,33,161,478,1148.0,71.0,27.0
649,5334,1209,133,61,18,433,508.0,275.0,
639,4912,1217,167,70,15,655,581.0,179.0,
682,5546,1429,244,34,129,519,871.0,116.0,62.0
744,5150,1347,202,65,31,434,459.0,283.0,
678,5378,1443,234,49,124,503,622.0,41.0,35.0
649,5462,1427,299,26,128,431,901.0,71.0,35.0
718,5365,1446,291,51,73,593,561.0,45.0,25.0
752,4814,1356,155,88,39,388,283.0,208.0,
662,5474,1395,201,19,131,432,756.0,79.0,68.0
724,5463,1410,246,20,184,534,1022.0,113.0,49.0
595,5452,1340,211,37,85,518,778.0,88.0,55.0
597,5227,1302,215,37,63,500,555.0,25.0,31.0
776,5483,1454,228,44,162,604,834.0,106.0,57.0
706,5496,1351,259,29,200,585,1269.0,63.0,21.0
587,5444,1408,255,38,91,399,670.0,68.0,54.0
743,5494,1381,234,37,197,658,923.0,41.0,47.0
570,4925,1133,152,52,7,453,492.0,216.0,
632,5249,1292,188,69,81,610,719.0,37.0,21.0
676,5494,1434,233,50,95,469,822.0,115.0,58.0
480,4164,1081,150,53,13,271,365.0,130.0,
720,5244,1436,224,93,26,532,448.0,102.0,67.0
54,365,91,10,3,0,4,4.0,,3.0
505,4689,1176,138,65,8,277,522.0,171.0,
464,5384,1184,170,39,62,456,938.0,39.0,30.0
248,1959,446,96,5,59,239,517.0,25.0,10.0
713,5527,1315,267,32,195,550,1387.0,122.0,32.0
622,5335,1312,197,29,88,543,800.0,51.0,43.0
740,5439,1410,272,28,136,686,1074.0,115.0,58.0
778,4952,1403,163,68,48,395,270.0,182.0,
708,5529,1443,260,20,182,378,1549.0,63.0,28.0
737,5409,1341,284,13,214,528,1179.0,83.0,22.0
514,5552,1399,179,31,80,414,782.0,83.0,44.0
554,5465,1313,241,17,89,507,885.0,81.0,54.0
26,211,33,1,0,0,0,3.0,0.0,0.0
649,5463,1345,215,48,141,471,973.0,95.0,57.0
782,5617,1476,220,32,207,512,913.0,59.0,47.0
580,5399,1316,213,23,102,488,829.0,109.0,69.0
642,5261,1297,196,50,138,452,747.0,22.0,36.0
643,5436,1415,270,32,142,448,990.0,113.0,44.0
682,5171,1304,199,26,140,591,786.0,40.0,47.0
780,5592,1511,278,39,145,607,1068.0,116.0,48.0
619,5603,1356,251,27,125,443,1306.0,109.0,26.0
826,5664,1506,274,36,239,488,1052.0,65.0,25.0
780,5349,1473,261,45,139,727,687.0,28.0,19.0
564,5328,1259,212,56,70,421,982.0,132.0,50.0
625,5508,1358,274,30,149,542,1244.0,95.0,41.0
871,5433,1654,303,73,122,481,541.0,53.0,
640,5208,1289,229,34,124,522,858.0,66.0,30.0
279,1992,478,103,12,69,192,440.0,22.0,11.0
775,4762,1369,235,67,38,343,288.0,201.0,
570,5486,1327,282,24,121,448,1122.0,85.0,51.0
666,5377,1282,207,38,148,656,825.0,29.0,30.0
822,5496,1402,274,29,223,622,1401.0,62.0,31.0
713,5579,1409,258,38,153,539,1024.0,96.0,24.0
347,2916,733,121,27,5,110,193.0,,
491,5135,1217,153,50,24,316,550.0,143.0,
807,5542,1494,282,35,167,639,1083.0,116.0,27.0
892,4797,1285,179,102,37,382,379.0,527.0,
955,5373,1529,274,59,208,655,686.0,90.0,47.0
888,5418,1549,312,65,134,664,556.0,66.0,39.0
702,5494,1400,268,29,126,588,811.0,97.0,44.0
703,5129,1395,211,38,116,498,499.0,26.0,
634,5551,1355,282,20,123,535,1337.0,63.0,25.0
619,4736,1254,208,61,29,373,324.0,137.0,
607,5261,1439,240,41,60,381,479.0,55.0,
735,5386,1499,238,63,73,496,569.0,52.0,60.0
653,4588,1197,142,80,37,371,427.0,195.0,
799,5631,1497,219,34,206,608,870.0,84.0,40.0
830,5648,1543,232,53,143,645,844.0,75.0,68.0
691,5608,1507,303,28,120,392,1005.0,79.0,38.0
810,5689,1562,328,27,176,534,1149.0,64.0,30.0
527,5260,1216,198,39,66,483,549.0,42.0,
642,5036,1309,275,27,140,492,906.0,75.0,16.0
867,4849,1338,184,66,79,518,516.0,243.0,
636,5417,1364,289,34,125,499,1142.0,90.0,32.0
511,5251,1299,159,78,25,334,527.0,130.0,
682,5474,1382,224,33,124,580,834.0,104.0,55.0
672,5329,1399,242,45,54,560,515.0,45.0,38.0
580,5167,1317,220,26,78,534,711.0,85.0,44.0
272,2579,537,58,23,4,73,217.0,,
745,5387,1389,219,24,142,707,831.0,143.0,59.0
671,5490,1292,190,39,185,521,964.0,26.0,32.0
553,5274,1350,211,41,53,492,527.0,91.0,57.0
830,5343,1446,220,48,221,494,568.0,29.0,
510,4746,1191,208,50,42,323,469.0,114.0,
685,5433,1374,284,21,149,541,1094.0,58.0,35.0
665,5243,1393,229,70,66,557,510.0,81.0,
596,5074,1281,156,81,19,440,595.0,287.0,
818,5517,1451,234,22,214,604,908.0,69.0,43.0
600,5269,1344,246,45,55,567,521.0,47.0,58.0
718,5560,1476,302,38,134,519,1246.0,138.0,50.0
746,5472,1418,297,52,163,494,891.0,58.0,25.0
586,4957,1228,163,61,23,360,534.0,200.0,
618,5401,1372,203,31,95,509,801.0,119.0,79.0
731,5435,1370,213,25,163,553,983.0,139.0,61.0
765,5408,1440,281,58,91,775,552.0,50.0,39.0
704,4837,1267,229,27,173,574,803.0,92.0,45.0
727,5584,1475,290,41,117,523,969.0,119.0,68.0
729,5643,1503,277,37,152,406,898.0,100.0,42.0
735,5539,1427,352,12,155,478,1373.0,52.0,20.0
696,5476,1356,269,18,178,518,1353.0,38.0,17.0
962,4879,1469,199,96,45,489,219.0,326.0,
725,5503,1440,291,52,129,481,1161.0,160.0,50.0
729,4741,1290,181,49,20,379,465.0,264.0,
701,5450,1328,235,27,227,492,1436.0,80.0,38.0
579,5049,1179,165,69,29,486,553.0,131.0,
789,5572,1512,289,20,180,535,1015.0,118.0,39.0
702,5334,1483,249,79,44,547,460.0,94.0,47.0
609,5510,1361,227,26,97,456,1005.0,137.0,58.0
691,5267,1463,243,62,45,482,463.0,106.0,84.0
713,5333,1435,242,70,65,522,476.0,49.0,
566,5083,1208,170,28,108,511,991.0,100.0,52.0
657,5493,1411,275,43,122,392,1158.0,78.0,28.0
632,5492,1418,263,47,73,507,848.0,155.0,54.0
675,5604,1473,219,29,110,497,795.0,109.0,50.0
671,5459,1342,240,19,218,517,1302.0,42.0,18.0
629,4903,1275,240,35,119,475,849.0,120.0,53.0
682,5309,1427,210,76,46,432,545.0,131.0,113.0
690,5570,1448,237,27,147,566,1000.0,69.0,43.0
768,5497,1398,317,24,176,556,898.0,48.0,14.0
633,3942,1133,175,39,121,497,568.0,77.0,27.0
503,5145,1197,148,79,18,416,608.0,147.0,
640,5428,1361,178,34,110,453,867.0,124.0,70.0
788,5511,1445,239,16,196,604,949.0,105.0,43.0
629,4937,1281,245,27,125,456,972.0,84.0,55.0
717,5431,1410,279,20,156,471,991.0,73.0,34.0
691,4913,1304,247,24,138,526,877.0,90.0,47.0
678,5534,1404,218,20,139,537,876.0,82.0,53.0
667,5513,1394,289,34,155,442,1086.0,135.0,52.0
565,5078,1254,193,65,26,503,662.0,113.0,
548,5457,1330,198,26,112,401,966.0,88.0,36.0
786,5433,1387,236,36,167,671,860.0,109.0,42.0
598,5220,1354,195,91,27,312,552.0,163.0,
950,5683,1639,310,30,221,685,1057.0,113.0,34.0
219,1932,425,76,6,59,167,521.0,16.0,11.0
473,5503,1252,178,30,81,379,1203.0,72.0,45.0
793,4988,1429,208,110,34,364,400.0,172.0,
865,5649,1536,312,37,209,569,1125.0,164.0,54.0
445,3970,825,114,47,31,207,699.0,,
675,5522,1455,294,35,125,428,936.0,100.0,75.0
583,5424,1323,179,28,107,543,759.0,55.0,38.0
552,5199,1300,202,52,60,592,555.0,48.0,
750,5562,1549,252,26,140,461,607.0,79.0,51.0
534,5185,1188,160,23,104,543,924.0,82.0,53.0
749,5503,1441,291,32,167,589,1120.0,71.0,27.0
677,5620,1492,216,46,83,531,752.0,172.0,62.0
853,5518,1472,330,31,198,619,1134.0,63.0,37.0
544,4839,1225,167,46,19,303,578.0,133.0,
699,5469,1365,241,52,141,508,1071.0,87.0,54.0
823,4707,1267,220,78,23,522,403.0,335.0,
520,5179,1237,194,56,46,399,662.0,133.0,
718,5558,1495,287,57,103,483,1097.0,118.0,39.0
697,5376,1299,236,37,179,490,1514.0,88.0,25.0
570,5366,1338,171,39,125,383,872.0,63.0,57.0
608,5337,1388,260,63,60,511,641.0,51.0,50.0
651,4603,1076,128,59,12,315,559.0,353.0,
594,3952,1092,239,23,103,359,635.0,94.0,30.0
668,5458,1331,249,36,151,519,1213.0,67.0,36.0
731,5530,1486,305,25,126,593,820.0,59.0,39.0
839,5458,1458,272,31,176,620,771.0,155.0,53.0
537,4992,1144,149,52,12,577,711.0,251.0,191.0
661,5196,1407,229,64,53,445,517.0,72.0,62.0
623,5146,1310,256,51,24,376,641.0,190.0,
615,5552,1379,259,47,118,398,1165.0,86.0,33.0
501,2730,714,89,28,7,36,40.0,36.0,4.0
667,4534,1201,177,56,15,522,516.0,273.0,
634,5087,1313,140,88,14,336,339.0,107.0,
695,5549,1425,239,35,134,546,872.0,117.0,53.0
743,5413,1569,235,76,56,339,318.0,79.0,60.0
731,5509,1441,274,29,160,540,1184.0,168.0,55.0
721,5447,1422,276,31,185,481,1083.0,94.0,31.0
642,5524,1390,228,54,126,403,955.0,56.0,39.0
732,5493,1410,270,36,122,542,860.0,228.0,56.0
563,5170,1262,195,40,166,364,760.0,35.0,27.0
747,5389,1452,251,33,187,546,752.0,51.0,36.0
488,4822,1139,157,66,24,398,550.0,156.0,
664,5436,1397,271,27,148,461,787.0,95.0,61.0
628,5369,1312,223,31,147,461,989.0,28.0,25.0
906,5717,1644,305,39,223,508,863.0,70.0,43.0
584,4994,1224,218,64,13,549,596.0,210.0,
817,5565,1520,303,11,214,593,903.0,86.0,48.0
552,5243,1320,217,56,54,326,428.0,25.0,
387,3002,726,130,52,7,76,237.0,,
810,5540,1374,296,24,223,534,1578.0,131.0,38.0
904,5490,1663,285,116,60,503,335.0,94.0,
684,5532,1376,289,20,185,512,1159.0,107.0,23.0
776,5556,1557,270,42,140,526,747.0,107.0,68.0
707,4734,1338,261,66,47,329,292.0,121.0,
107,1004,194,14,8,0,6,42.0,23.0,7.0
700,5522,1401,279,26,151,423,1149.0,127.0,29.0
713,5485,1370,246,20,217,418,1331.0,44.0,25.0
567,5307,1265,170,37,114,453,1021.0,40.0,36.0
842,5368,1494,226,61,135,700,597.0,71.0,46.0
690,5449,1482,198,39,99,508,710.0,113.0,80.0
437,5149,1170,171,57,10,283,756.0,150.0,
631,5594,1464,262,44,94,495,996.0,208.0,118.0
679,5564,1466,278,24,149,474,841.0,100.0,55.0
784,5485,1415,266,37,172,642,1120.0,121.0,49.0
607,5433,1332,227,47,86,549,829.0,100.0,77.0
729,5637,1522,235,70,130,444,871.0,66.0,34.0
731,5734,1594,279,63,100,460,838.0,116.0,69.0
689,5331,1315,205,37,132,568,876.0,164.0,93.0
584,5213,1265,185,50,103,475,928.0,56.0,30.0
465,5196,1213,202,36,39,469,609.0,56.0,
280,2570,641,68,14,6,24,98.0,,
765,4857,1399,228,92,28,403,427.0,151.0,
947,5560,1501,281,23,239,750,1159.0,40.0,15.0
701,5502,1399,214,38,179,540,854.0,35.0,43.0
429,3516,883,165,11,88,404,454.0,41.0,34.0
659,5535,1418,226,27,116,509,770.0,145.0,58.0
867,5518,1452,267,33,222,627,1138.0,147.0,46.0
735,5238,1352,204,50,133,627,629.0,42.0,
845,5412,1544,310,74,78,566,454.0,52.0,54.0
724,5537,1439,291,60,139,466,972.0,133.0,61.0
484,4615,1139,110,43,5,356,480.0,108.0,
621,4905,1268,265,24,118,400,901.0,120.0,49.0
782,5559,1486,322,30,172,533,990.0,81.0,37.0
631,4965,1334,220,101,17,466,534.0,189.0,
734,4012,1052,155,64,22,203,315.0,,
770,5623,1608,248,56,123,392,479.0,32.0,
663,5523,1469,213,38,95,489,755.0,76.0,40.0
695,4733,1300,191,62,9,422,455.0,259.0,
652,5438,1400,235,25,107,500,1001.0,149.0,54.0
645,4814,1202,210,27,168,520,933.0,73.0,43.0
712,4977,1333,219,84,34,542,501.0,173.0,
707,5241,1317,214,44,124,606,914.0,140.0,63.0
673,5562,1473,259,33,114,437,735.0,39.0,30.0
696,5499,1449,236,31,109,569,811.0,104.0,58.0
876,5601,1568,338,35,205,541,1049.0,72.0,39.0
748,5427,1526,284,52,79,548,555.0,55.0,
779,5111,1442,204,108,22,485,,258.0,
745,5576,1467,220,58,116,556,803.0,76.0,21.0
684,5218,1427,226,71,30,444,501.0,296.0,
1009,5634,1629,309,32,209,743,1099.0,147.0,50.0
634,5393,1423,221,41,106,409,625.0,83.0,68.0
624,5216,1444,209,62,16,426,348.0,81.0,
647,5484,1386,288,39,137,506,1267.0,69.0,38.0
837,5381,1518,285,50,114,722,480.0,23.0,40.0
624,5558,1318,249,17,188,529,1353.0,49.0,23.0
685,5676,1468,302,31,130,519,1142.0,62.0,41.0
492,3475,769,116,47,13,328,456.0,182.0,
722,5502,1479,283,78,57,475,523.0,68.0,50.0
293,1968,519,112,12,66,192,451.0,33.0,12.0
967,5300,1521,259,55,166,701,543.0,72.0,37.0
857,5445,1634,269,81,95,467,479.0,82.0,53.0
633,5257,1345,227,47,77,517,533.0,60.0,54.0
836,5675,1603,272,37,162,450,942.0,143.0,46.0
676,5531,1436,239,46,102,460,869.0,132.0,70.0
733,5505,1414,253,22,162,558,1022.0,90.0,46.0
662,3669,961,122,74,34,139,261.0,,
860,5511,1432,282,24,230,514,1420.0,160.0,41.0
634,5145,1344,199,81,23,576,502.0,195.0,
378,2387,646,79,35,7,27,36.0,,
855,5492,1511,249,37,184,603,649.0,89.0,70.0
790,5579,1515,293,30,188,522,1218.0,93.0,43.0
576,5470,1390,236,26,79,449,888.0,84.0,58.0
830,5444,1464,243,60,151,616,565.0,51.0,33.0
791,5624,1445,280,17,242,516,1384.0,56.0,27.0
618,4665,1319,222,84,23,429,427.0,121.0,
686,5550,1428,277,33,168,455,1285.0,77.0,36.0
790,5619,1547,264,31,141,488,843.0,159.0,55.0
654,5456,1312,215,44,138,531,1002.0,54.0,37.0
550,5192,1318,233,29,40,423,507.0,38.0,
613,5411,1297,265,36,137,447,1235.0,94.0,45.0
773,5614,1514,264,28,197,530,1032.0,83.0,43.0
706,5483,1468,240,65,108,432,836.0,50.0,39.0
768,5449,1433,259,50,126,620,901.0,124.0,46.0
736,5546,1495,215,24,160,522,736.0,58.0,34.0
834,5558,1469,323,41,200,547,1071.0,146.0,35.0
664,4875,1356,195,95,42,275,371.0,132.0,
639,5517,1425,255,46,125,443,862.0,85.0,67.0
756,5006,1399,225,103,41,530,506.0,347.0,
651,5526,1447,262,45,106,415,749.0,118.0,81.0
495,3900,980,149,50,23,179,380.0,,
749,4947,1365,280,34,122,625,851.0,50.0,30.0
865,5534,1481,284,19,242,499,1030.0,78.0,51.0
799,5611,1523,247,53,116,556,802.0,106.0,68.0
836,5568,1526,288,39,162,476,926.0,120.0,42.0
697,5218,1335,229,30,155,638,820.0,29.0,22.0
611,5452,1348,252,25,108,415,1025.0,100.0,36.0
653,4656,1068,162,70,19,298,479.0,326.0,
689,5474,1395,267,33,190,441,1106.0,134.0,52.0
630,5064,1264,233,66,16,522,605.0,160.0,
558,5538,1289,209,35,123,499,1031.0,63.0,39.0
704,5465,1351,269,24,187,560,1125.0,85.0,47.0
901,4871,1452,188,84,31,412,330.0,332.0,
774,5571,1369,311,26,215,562,1453.0,78.0,18.0
1011,5151,1553,246,90,80,468,335.0,202.0,
679,5503,1386,239,28,153,443,1046.0,92.0,41.0
739,5297,1458,272,49,95,671,536.0,43.0,
566,5295,1331,253,57,53,469,539.0,46.0,46.0
861,5199,1540,237,93,35,424,,226.0,
737,5453,1308,266,24,194,555,1484.0,74.0,35.0
758,5456,1352,191,36,209,651,894.0,69.0,21.0
328,2685,633,82,21,7,19,47.0,20.0,24.0
525,4844,1272,167,66,25,258,405.0,112.0,
949,5720,1613,373,25,222,659,1189.0,68.0,30.0
714,5503,1453,303,32,126,521,938.0,80.0,27.0
747,5496,1392,255,29,205,478,1363.0,105.0,28.0
836,5579,1551,334,42,176,597,928.0,67.0,39.0
686,5419,1275,257,26,177,449,1500.0,125.0,45.0
707,5488,1465,316,44,100,498,879.0,107.0,62.0
549,3574,838,105,58,28,428,385.0,164.0,
785,5510,1447,281,37,182,610,1231.0,68.0,37.0
544,5362,1297,186,27,102,472,920.0,49.0,39.0
590,5317,1344,223,58,50,500,544.0,69.0,74.0
813,5579,1407,322,20,227,550,1381.0,35.0,21.0
834,4182,1176,162,50,142,264,469.0,,
427,3766,941,161,26,63,386,543.0,89.0,50.0
845,5299,1533,282,100,51,587,420.0,141.0,73.0
838,5176,1448,268,71,115,539,626.0,64.0,82.0
723,5251,1526,233,81,36,433,543.0,161.0,114.0
681,5488,1363,276,19,155,466,1070.0,104.0,52.0
753,5484,1390,249,38,219,565,1329.0,120.0,39.0
458,3677,910,119,26,104,342,647.0,98.0,47.0
741,5125,1441,165,66,23,389,357.0,235.0,
684,4189,1063,179,60,36,207,660.0,,
543,5372,1253,178,30,100,462,1003.0,58.0,51.0
872,5276,1531,190,55,53,405,303.0,172.0,
861,5259,1448,195,106,13,487,296.0,228.0,
845,5628,1540,292,26,161,678,1040.0,102.0,51.0
495,5303,1214,162,41,70,381,872.0,40.0,48.0
707,5372,1427,264,38,89,453,503.0,72.0,
849,5326,1487,277,67,124,620,592.0,88.0,38.0
538,5157,1262,178,70,10,450,685.0,167.0,157.0
712,5537,1398,273,24,185,510,1123.0,112.0,41.0
698,5134,1419,207,59,66,469,521.0,137.0,149.0
747,5481,1433,289,34,212,458,1049.0,108.0,70.0
747,5599,1478,256,35,158,561,1061.0,130.0,66.0
704,5608,1465,257,44,154,432,842.0,23.0,30.0
794,5308,1439,230,72,115,610,581.0,27.0,23.0
447,3077,780,144,37,11,146,214.0,,
470,5075,1195,137,69,9,358,682.0,110.0,
810,5593,1444,292,30,223,676,1179.0,133.0,41.0
726,5448,1413,327,19,175,531,1162.0,79.0,34.0
723,5293,1385,234,37,130,565,617.0,80.0,34.0
412,4278,1039,124,44,22,343,485.0,83.0,
804,5577,1488,289,20,203,519,1035.0,161.0,53.0
709,5289,1402,207,49,182,487,853.0,39.0,23.0
685,5512,1414,298,27,149,479,1236.0,55.0,31.0
709,5470,1386,297,21,169,583,1188.0,116.0,52.0
679,5438,1515,259,72,70,428,438.0,40.0,
666,5233,1328,245,50,47,605,579.0,142.0,55.0
683,5318,1448,231,53,43,538,416.0,43.0,46.0
663,5390,1341,219,33,144,513,844.0,67.0,42.0
831,5605,1576,267,47,184,533,681.0,93.0,57.0
656,5523,1332,259,40,182,425,1594.0,98.0,41.0
598,5288,1392,250,55,45,366,455.0,60.0,63.0
734,5421,1443,226,40,150,509,590.0,65.0,46.0
806,5511,1432,263,33,199,593,1056.0,140.0,63.0
260,2180,494,39,15,2,18,35.0,,
632,5455,1398,205,38,116,498,602.0,41.0,24.0
906,5524,1422,303,20,249,644,1359.0,105.0,25.0
680,5592,1429,205,29,158,471,793.0,60.0,68.0
793,5643,1506,320,31,168,564,1032.0,86.0,40.0
677,5518,1345,204,39,139,525,954.0,75.0,52.0
703,5433,1358,213,28,143,588,841.0,87.0,42.0
734,5494,1429,272,24,161,624,901.0,91.0,68.0
707,5530,1429,257,53,146,525,923.0,39.0,33.0
686,5353,1319,208,33,113,592,818.0,341.0,123.0
315,1915,473,87,7,94,251,480.0,27.0,7.0
692,4298,1156,175,68,21,237,410.0,155.0,
665,5434,1338,236,24,132,538,1183.0,124.0,50.0
614,5564,1346,285,15,151,533,1430.0,52.0,33.0
798,5512,1447,234,30,198,613,885.0,138.0,58.0
877,5605,1518,304,14,230,684,1042.0,98.0,33.0
691,5558,1462,286,17,141,459,1200.0,68.0,23.0
686,5611,1435,272,9,149,388,1269.0,58.0,10.0
705,5282,1360,196,46,148,591,891.0,84.0,51.0
760,5376,1388,206,29,138,657,786.0,143.0,90.0
827,5073,1509,204,71,17,418,381.0,364.0,
670,5212,1361,204,53,100,685,493.0,42.0,25.0
598,5563,1385,237,19,148,411,1207.0,105.0,42.0
841,5598,1539,302,44,161,631,1081.0,125.0,35.0
682,5488,1409,258,26,113,439,911.0,159.0,55.0
774,5488,1396,257,42,150,554,969.0,92.0,33.0
745,4801,1161,132,82,32,345,555.0,469.0,
649,5514,1404,295,27,122,502,1240.0,75.0,34.0
516,5231,1323,194,84,15,360,512.0,156.0,142.0
741,5612,1408,322,31,171,557,1229.0,55.0,24.0
609,3999,1142,211,36,124,388,738.0,119.0,51.0
893,4954,1370,231,84,29,321,379.0,476.0,
707,5436,1324,273,37,172,571,1193.0,155.0,62.0
693,5548,1465,222,67,79,494,837.0,105.0,61.0
681,5444,1415,294,27,135,494,967.0,103.0,55.0
525,5312,1364,169,47,36,422,490.0,42.0,32.0
529,5279,1333,142,50,12,289,280.0,127.0,
753,5604,1514,316,33,130,618,1023.0,58.0,27.0
831,5578,1460,257,35,165,729,1005.0,83.0,27.0
463,5405,1233,169,33,71,397,840.0,90.0,50.0
851,5637,1572,299,21,203,615,890.0,107.0,46.0
665,5491,1353,235,46,159,489,1239.0,73.0,38.0
749,5515,1419,291,12,217,614,1192.0,124.0,33.0
867,5639,1588,273,60,123,563,754.0,105.0,65.0
623,5333,1274,236,35,107,588,1006.0,154.0,77.0
729,5527,1465,254,31,116,492,817.0,132.0,72.0
747,5097,1403,260,22,109,566,992.0,176.0,60.0
591,5466,1312,201,39,153,443,1099.0,98.0,63.0
775,4926,1410,189,95,18,372,440.0,222.0,
591,5287,1367,227,39,91,440,598.0,68.0,
685,5336,1413,231,35,104,568,525.0,37.0,34.0
766,5609,1539,309,29,159,486,914.0,148.0,57.0
789,4755,1189,149,47,36,410,521.0,468.0,
679,5039,1317,190,72,28,459,572.0,249.0,
786,5575,1523,266,52,136,533,866.0,136.0,58.0
578,5518,1373,207,33,71,484,827.0,234.0,64.0
746,5497,1431,295,29,164,551,1125.0,153.0,47.0
772,5592,1469,272,12,148,588,935.0,146.0,39.0
956,4916,1420,194,98,27,436,367.0,466.0,
494,5296,1297,201,37,33,449,463.0,25.0,45.0
738,5535,1475,310,35,178,476,1048.0,58.0,48.0
650,5493,1395,271,35,107,393,1060.0,159.0,51.0
737,5610,1413,227,46,221,553,1019.0,46.0,22.0
706,5534,1447,300,46,102,428,1069.0,78.0,44.0
770,5631,1535,269,40,153,533,686.0,84.0,42.0
678,5579,1332,300,26,167,475,1435.0,47.0,28.0
579,5275,1187,215,28,133,570,1019.0,78.0,32.0
773,5652,1464,304,31,155,492,1266.0,81.0,39.0
669,5487,1378,244,40,165,607,964.0,47.0,24.0
666,5497,1423,258,23,166,430,1287.0,86.0,21.0
665,5408,1366,191,29,108,583,957.0,126.0,68.0
688,5513,1425,253,29,186,504,917.0,18.0,16.0
787,5630,1530,314,27,147,510,1028.0,93.0,45.0
783,5297,1504,298,90,82,461,508.0,98.0,70.0
714,5604,1480,228,45,166,452,764.0,60.0,46.0
820,5565,1453,335,15,222,611,1303.0,72.0,23.0
671,5458,1309,216,48,131,512,976.0,55.0,37.0
611,5219,1288,223,47,86,521,693.0,35.0,38.0
476,3615,982,135,27,76,322,518.0,86.0,44.0
863,5593,1496,299,14,221,569,1222.0,53.0,16.0
174,943,272,28,5,0,17,13.0,12.0,3.0
610,5457,1307,266,16,148,426,1535.0,110.0,61.0
624,5064,1344,180,101,24,496,501.0,218.0,
681,5214,1350,191,41,126,548,554.0,48.0,
708,5604,1499,249,56,110,433,807.0,130.0,45.0
648,5549,1443,254,34,112,422,1048.0,153.0,32.0
752,5484,1467,263,21,177,467,922.0,160.0,74.0
755,5273,1535,282,69,99,504,454.0,80.0,
723,5602,1521,283,45,168,384,1038.0,66.0,28.0
729,5459,1363,278,26,230,486,1392.0,121.0,48.0
541,5224,1324,154,63,10,370,548.0,144.0,
670,5261,1395,217,41,139,471,619.0,54.0,31.0
463,3104,776,121,53,11,102,255.0,,
638,5505,1350,283,29,155,427,1310.0,117.0,38.0
593,5590,1420,221,41,104,417,816.0,77.0,51.0
741,4676,1303,180,80,29,380,348.0,204.0,
727,5318,1399,250,42,170,531,817.0,64.0,29.0
805,5583,1466,308,30,191,557,1021.0,66.0,30.0
761,5624,1453,286,34,167,576,1388.0,66.0,38.0
679,3658,1000,277,61,13,129,399.0,,
660,5460,1418,281,44,99,563,888.0,125.0,65.0
739,4575,1152,152,108,24,486,558.0,421.0,
713,4832,1250,208,89,25,350,479.0,289.0,
829,4501,1260,176,81,53,374,426.0,194.0,
649,5545,1391,239,50,145,499,1041.0,70.0,49.0
927,5274,1495,241,75,144,700,506.0,76.0,59.0
683,5370,1460,233,44,83,375,440.0,30.0,
750,5479,1418,241,32,172,634,952.0,82.0,57.0
571,5103,1268,170,54,23,377,528.0,159.0,
591,5360,1349,208,42,75,536,848.0,152.0,70.0
798,5481,1408,265,28,211,668,1083.0,95.0,42.0
668,4793,1275,194,58,24,430,550.0,199.0,
563,5392,1314,223,42,57,486,591.0,86.0,61.0
843,5618,1510,304,27,230,554,1055.0,62.0,34.0
678,5531,1442,257,32,128,565,1073.0,76.0,39.0
831,5334,1448,207,101,19,455,297.0,165.0,
851,5653,1596,286,79,116,528,675.0,207.0,76.0
682,5504,1376,263,26,162,473,1010.0,92.0,55.0
676,5604,1534,279,31,121,471,905.0,115.0,50.0
646,5255,1422,256,51,72,392,475.0,52.0,
714,5582,1458,258,31,124,469,819.0,86.0,52.0
625,5464,1401,195,50,66,530,719.0,150.0,57.0
623,5241,1311,213,44,117,534,758.0,57.0,26.0
591,5331,1186,221,29,158,476,1497.0,89.0,32.0
633,5429,1342,242,49,118,492,880.0,169.0,77.0
716,5464,1459,288,37,138,497,911.0,103.0,60.0
681,5415,1430,230,39,110,486,710.0,102.0,59.0
710,5394,1360,256,22,153,631,1169.0,174.0,67.0
865,5716,1528,311,29,260,495,1112.0,67.0,15.0
564,4548,1188,181,49,33,471,411.0,108.0,
614,5363,1322,201,21,117,575,855.0,65.0,58.0
585,3759,901,107,96,40,196,629.0,,
826,4628,1251,196,54,42,471,450.0,331.0,
742,5303,1382,207,25,158,672,844.0,66.0,38.0
801,5554,1455,310,37,231,501,1137.0,96.0,32.0
406,2707,660,89,21,5,125,164.0,,
476,5030,1223,155,74,25,335,651.0,182.0,
322,2987,666,116,29,4,37,214.0,,
757,5581,1475,230,34,155,508,861.0,117.0,58.0
829,4664,1299,186,93,32,466,261.0,255.0,
777,5502,1427,314,40,133,633,1085.0,171.0,74.0
864,5628,1574,309,34,236,608,1024.0,93.0,52.0
690,5568,1467,250,44,101,462,746.0,69.0,34.0
870,5619,1576,351,27,196,556,1204.0,55.0,23.0
768,5362,1452,195,45,176,499,608.0,31.0,21.0
544,4870,1224,133,40,6,358,566.0,229.0,
715,5654,1501,298,38,137,420,1030.0,142.0,42.0
609,5336,1261,240,35,124,529,1328.0,60.0,30.0
947,5597,1543,293,23,307,538,1289.0,132.0,27.0
299,2019,532,107,14,81,195,499.0,19.0,8.0
700,5538,1421,296,23,165,589,1171.0,73.0,38.0
693,5356,1503,246,78,66,332,397.0,69.0,
887,5478,1481,259,25,235,675,1253.0,87.0,51.0
675,5218,1480,286,35,56,398,534.0,52.0,
667,5263,1476,209,85,59,325,400.0,91.0,73.0
468,5357,1203,180,42,99,423,1143.0,45.0,44.0
541,5415,1239,196,27,99,564,900.0,85.0,45.0
694,5465,1407,250,61,114,547,865.0,237.0,82.0
703,5259,1188,138,53,45,607,492.0,209.0,
538,3135,876,164,39,4,104,217.0,,
733,5433,1379,209,22,164,651,992.0,141.0,54.0
713,4724,1317,177,61,23,369,345.0,236.0,
1056,5022,1574,268,87,65,507,306.0,332.0,
249,1186,328,35,40,7,26,25.0,18.0,8.0
599,5484,1370,206,38,132,466,789.0,99.0,53.0
713,5474,1325,187,28,136,711,1054.0,71.0,32.0
781,5568,1521,318,41,142,559,967.0,68.0,28.0
691,5496,1356,281,40,162,456,1405.0,117.0,39.0
518,4930,1195,154,64,10,333,517.0,206.0,
519,4956,1180,144,65,26,306,600.0,233.0,
615,5537,1412,237,33,98,438,841.0,96.0,62.0
650,5499,1405,249,39,132,536,1092.0,117.0,41.0
630,4633,1073,132,59,21,497,474.0,152.0,
764,5544,1544,256,46,112,526,693.0,66.0,45.0
466,3864,1001,198,23,80,349,725.0,53.0,25.0
735,5539,1459,300,20,149,602,1064.0,58.0,26.0
775,5383,1485,288,62,86,584,465.0,55.0,44.0
766,5463,1513,281,54,102,569,482.0,17.0,
611,5330,1254,182,36,162,485,817.0,49.0,29.0
786,5423,1352,295,13,222,553,1425.0,36.0,24.0
714,5548,1423,266,24,196,547,1221.0,99.0,39.0
691,5460,1411,195,22,141,485,665.0,59.0,48.0
815,4582,1311,182,97,34,409,290.0,332.0,
571,5214,1290,149,55,13,383,405.0,104.0,
736,5308,1383,203,52,147,613,523.0,43.0,
666,5230,1323,239,25,99,559,670.0,39.0,
755,5409,1545,275,36,76,491,462.0,68.0,
651,5369,1414,230,42,112,442,715.0,32.0,26.0
504,4166,1084,176,67,9,491,386.0,165.0,
755,5612,1551,307,41,186,397,1281.0,85.0,48.0
812,5148,1428,173,82,27,406,346.0,247.0,
793,5315,1547,281,90,36,599,423.0,88.0,72.0
619,5256,1325,204,41,112,480,727.0,40.0,30.0
711,5168,1382,203,47,94,604,536.0,98.0,58.0
569,5108,1221,188,58,18,364,715.0,177.0,
835,5659,1571,357,23,183,505,1061.0,53.0,24.0
683,5559,1458,225,32,109,651,625.0,151.0,68.0
752,5401,1316,273,14,205,653,1311.0,137.0,32.0
846,5476,1455,285,13,262,496,1218.0,81.0,20.0
421,3529,889,148,22,100,391,434.0,47.0,30.0
575,5444,1314,172,26,112,436,1031.0,141.0,64.0
779,5636,1585,283,26,174,577,985.0,73.0,32.0
820,4651,1281,164,86,27,539,323.0,233.0,
794,5498,1488,320,21,144,595,707.0,41.0,34.0
798,5240,1516,248,86,98,478,420.0,69.0,64.0
427,3600,922,148,29,65,404,500.0,61.0,37.0
665,4093,987,153,43,21,300,469.0,,
748,5538,1427,283,36,173,487,971.0,138.0,52.0
771,5335,1564,248,71,42,525,447.0,97.0,108.0
809,5570,1461,274,27,194,613,1202.0,134.0,48.0
698,5501,1394,269,29,114,536,1087.0,148.0,93.0
701,5421,1543,274,90,48,358,385.0,71.0,
552,5135,1229,194,67,17,415,599.0,127.0,
755,5279,1451,220,56,64,579,502.0,113.0,61.0
731,5204,1246,149,78,37,529,555.0,276.0,
767,5521,1403,301,25,186,573,1178.0,74.0,28.0
578,4775,1275,193,49,45,386,479.0,101.0,
642,5341,1317,262,24,124,489,1035.0,70.0,31.0
671,5643,1498,285,20,124,417,890.0,90.0,32.0
713,5617,1482,286,36,126,508,1080.0,97.0,45.0
959,5553,1769,264,83,143,422,382.0,59.0,
755,5421,1454,282,69,60,551,507.0,71.0,
513,5156,1205,156,22,91,474,828.0,68.0,66.0
787,5635,1556,268,25,162,511,986.0,123.0,48.0
680,5499,1409,258,27,155,508,966.0,132.0,62.0
691,5578,1465,266,44,128,479,1145.0,92.0,46.0
634,5483,1358,295,32,135,540,1312.0,138.0,40.0
454,4369,1066,147,64,27,329,461.0,119.0,
845,5561,1384,292,23,257,578,1338.0,49.0,21.0
639,5610,1429,242,33,106,442,767.0,119.0,60.0
569,5029,1225,152,79,12,458,541.0,186.0,106.0
641,5450,1299,227,38,125,529,907.0,67.0,31.0
943,5583,1493,290,17,306,569,1437.0,55.0,22.0
666,5575,1403,247,34,171,475,954.0,27.0,16.0
675,5160,1333,164,102,15,388,516.0,178.0,
562,5185,1325,249,54,32,465,450.0,48.0,51.0
724,5575,1497,300,42,139,383,973.0,104.0,34.0
634,5482,1380,228,38,93,548,869.0,107.0,51.0
1008,4678,1358,178,50,65,561,292.0,243.0,
640,5474,1381,238,43,157,407,1183.0,142.0,50.0
828,5360,1641,250,87,54,530,378.0,78.0,61.0
696,5565,1486,288,39,136,457,1159.0,93.0,36.0
419,5008,1163,121,52,18,312,615.0,125.0,
628,5278,1363,186,17,144,532,770.0,47.0,35.0
592,5558,1370,170,47,105,493,806.0,42.0,30.0
682,5259,1449,253,78,72,437,465.0,62.0,71.0
513,5409,1274,227,16,101,459,1184.0,142.0,39.0
690,5535,1382,287,36,174,494,1417.0,59.0,25.0
329,3521,797,137,23,61,284,556.0,66.0,57.0
669,5353,1401,240,73,42,573,566.0,64.0,
733,5422,1453,242,50,91,559,606.0,48.0,38.0
626,5460,1302,184,28,138,635,989.0,72.0,42.0
664,5363,1424,238,56,124,573,871.0,51.0,33.0
822,5554,1578,324,23,123,507,883.0,139.0,55.0
643,5230,1298,224,47,161,479,767.0,46.0,
493,4224,1085,160,45,20,367,370.0,88.0,
767,5589,1479,263,50,167,526,970.0,111.0,52.0
714,5601,1520,218,34,129,563,695.0,90.0,38.0
724,5519,1431,302,24,172,492,1158.0,73.0,31.0
681,5456,1374,234,23,160,620,884.0,51.0,36.0
686,5492,1397,239,28,150,562,937.0,182.0,49.0
521,5111,1233,195,19,108,483,731.0,33.0,35.0
552,5429,1324,215,22,78,506,754.0,85.0,50.0
682,5484,1341,202,22,180,502,939.0,35.0,16.0
723,5605,1457,293,30,167,547,1043.0,65.0,33.0
719,5531,1438,290,34,145,513,1083.0,58.0,31.0
797,5358,1651,279,83,50,427,339.0,118.0,79.0
804,5398,1408,300,50,190,660,1277.0,106.0,55.0
808,5557,1534,269,33,168,516,930.0,120.0,65.0
758,5577,1526,306,52,166,450,1213.0,100.0,40.0
700,5359,1412,229,45,159,478,693.0,46.0,31.0
761,5470,1402,284,28,196,593,1348.0,81.0,31.0
713,5473,1366,301,34,180,589,1529.0,86.0,41.0
813,5562,1504,325,54,157,561,1108.0,85.0,50.0
654,5240,1366,218,77,50,448,426.0,36.0,40.0
891,5509,1480,308,17,232,570,1151.0,88.0,23.0
690,5475,1428,227,41,101,554,897.0,154.0,51.0
516,4670,1152,176,49,14,325,538.0,180.0,
599,5340,1254,259,17,93,572,956.0,129.0,52.0
445,4082,856,135,51,23,265,582.0,143.0,
615,5234,1303,212,45,104,480,709.0,32.0,42.0
573,5468,1316,240,22,123,472,1369.0,95.0,33.0
879,4757,1346,191,78,41,397,319.0,184.0,
650,5507,1405,241,28,109,513,809.0,60.0,39.0
715,5061,1391,204,83,31,562,489.0,282.0,
798,5634,1558,224,42,171,474,1042.0,79.0,56.0
574,4874,1222,160,48,23,513,508.0,205.0,
800,5720,1615,292,31,162,562,816.0,66.0,27.0
677,5431,1385,249,34,114,576,856.0,159.0,70.0
722,4742,1258,180,83,23,523,237.0,154.0,
680,5368,1278,190,27,162,554,952.0,57.0,41.0
661,5478,1292,245,29,165,508,1473.0,85.0,23.0
746,5472,1489,218,45,130,582,847.0,146.0,88.0
730,5705,1442,208,35,162,520,976.0,54.0,18.0
750,5303,1505,266,63,74,481,492.0,65.0,
821,5615,1568,294,24,178,629,910.0,39.0,35.0
699,5516,1502,298,31,106,598,795.0,53.0,52.0
792,5527,1466,282,44,179,535,975.0,97.0,44.0
749,5606,1515,233,67,87,541,841.0,138.0,57.0
651,5110,1345,211,52,62,472,570.0,145.0,
531,5083,1271,159,93,26,359,652.0,159.0,
739,2748,933,144,44,13,68,36.0,145.0,48.0
220,1013,275,36,9,2,10,13.0,6.0,7.0
674,5154,1373,191,105,19,409,573.0,207.0,
591,5352,1360,224,41,75,509,607.0,63.0,
603,5541,1324,255,30,133,448,1467.0,77.0,34.0
593,5417,1284,247,42,91,501,1320.0,170.0,44.0
750,5518,1380,287,28,194,599,1335.0,77.0,25.0
605,5050,1229,199,74,42,501,577.0,164.0,
638,5126,1314,156,66,17,328,316.0,130.0,
704,5257,1423,177,80,36,370,384.0,197.0,
780,5541,1418,280,42,210,507,1397.0,95.0,33.0
741,5529,1450,253,23,200,435,1002.0,137.0,67.0
98,869,204,25,8,0,9,30.0,4.0,4.0
624,5460,1398,218,33,133,426,769.0,110.0,67.0
746,5222,1368,188,39,156,637,668.0,30.0,33.0
900,4378,1223,198,87,53,460,513.0,213.0,
306,1948,500,90,10,82,229,480.0,35.0,8.0
585,5393,1294,186,59,110,521,1020.0,110.0,51.0
523,2426,670,87,14,4,58,52.0,59.0,22.0
707,5579,1415,234,46,109,477,882.0,100.0,52.0
559,5461,1282,213,35,131,413,984.0,53.0,65.0
633,5530,1404,269,31,121,396,881.0,80.0,42.0
617,5367,1413,224,51,62,397,453.0,82.0,
730,5465,1436,294,29,160,528,1041.0,75.0,31.0
785,5669,1461,302,19,168,571,1224.0,106.0,31.0
799,5405,1518,285,58,119,582,586.0,63.0,46.0
768,5573,1521,304,32,139,566,910.0,52.0,25.0
739,5610,1542,225,54,95,543,757.0,124.0,53.0
227,1271,332,58,15,13,107,114.0,47.0,
684,5052,1374,190,96,25,493,,269.0,
575,5443,1429,265,68,47,436,436.0,35.0,
557,5258,1278,190,37,103,553,605.0,27.0,38.0
686,5500,1392,255,36,118,509,1059.0,127.0,31.0
521,3927,1028,208,28,80,396,711.0,67.0,24.0
705,5211,1409,229,63,111,437,591.0,60.0,63.0
500,3128,858,146,47,18,116,228.0,,
504,3869,963,159,32,123,364,719.0,114.0,40.0
645,5452,1330,280,29,114,509,1094.0,117.0,43.0
820,5553,1484,239,34,189,643,739.0,86.0,36.0
738,5470,1517,221,40,89,617,625.0,118.0,58.0
683,5329,1509,242,82,35,445,474.0,97.0,93.0
718,5600,1477,309,39,108,571,1085.0,130.0,35.0
662,5247,1386,229,68,134,396,753.0,30.0,15.0
248,1988,485,97,7,68,172,527.0,49.0,20.0
603,5231,1274,215,38,111,527,733.0,13.0,38.0
890,5439,1654,358,59,72,490,461.0,51.0,47.0
690,5393,1450,255,51,56,486,451.0,45.0,
777,5644,1563,298,37,162,499,810.0,110.0,50.0
597,4739,1088,160,43,20,408,458.0,208.0,
457,5024,1058,115,58,7,403,648.0,183.0,
618,5112,1421,221,94,20,375,308.0,117.0,120.0
789,5476,1543,264,67,94,385,569.0,78.0,
844,5510,1608,330,67,122,446,547.0,71.0,
860,5413,1420,225,95,50,528,515.0,216.0,
633,5198,1311,218,52,61,605,563.0,37.0,33.0
238,2372,555,51,12,4,41,136.0,,
685,5442,1466,249,32,92,392,661.0,52.0,
757,5578,1559,245,84,47,591,503.0,61.0,35.0
613,5463,1420,236,40,120,375,1150.0,112.0,45.0
688,5498,1413,240,30,150,553,1122.0,99.0,46.0
741,5527,1467,310,39,120,501,918.0,166.0,74.0
876,5623,1509,355,31,208,569,1253.0,125.0,31.0
747,5428,1401,284,24,152,641,834.0,135.0,68.0
699,5129,1332,218,92,25,479,511.0,185.0,
567,5536,1385,181,49,108,454,940.0,57.0,41.0
690,5251,1365,190,53,76,671,606.0,42.0,25.0
588,5221,1340,199,57,110,383,752.0,24.0,33.0
628,5377,1324,195,41,55,593,811.0,220.0,108.0
523,5291,1262,206,33,65,493,604.0,82.0,
615,5226,1303,212,34,110,513,744.0,16.0,11.0
789,5592,1530,283,53,156,508,831.0,93.0,53.0
676,5428,1325,258,43,163,411,1396.0,163.0,47.0
708,5278,1506,237,95,45,439,367.0,96.0,105.0
642,5422,1360,215,32,120,552,1013.0,136.0,67.0
815,5435,1554,353,74,60,432,475.0,114.0,
723,5391,1495,251,57,110,366,518.0,19.0,
676,5469,1416,257,27,110,575,1054.0,115.0,48.0
634,5249,1348,191,42,101,518,669.0,101.0,33.0
590,5361,1428,227,65,55,313,532.0,34.0,
850,4771,1217,142,99,30,551,553.0,342.0,
705,5509,1453,282,41,141,502,779.0,68.0,44.0
750,5496,1441,298,28,138,608,1107.0,95.0,42.0
614,5303,1253,207,17,125,582,974.0,76.0,62.0
293,2300,542,76,15,3,64,197.0,,
591,5540,1410,195,43,67,563,791.0,239.0,73.0
662,5157,1433,285,61,36,493,389.0,90.0,75.0
689,5501,1419,250,27,164,488,1006.0,124.0,56.0
632,4395,1105,151,57,25,466,456.0,232.0,
670,5077,1354,244,68,43,464,615.0,159.0,
703,5304,1391,242,53,105,556,656.0,48.0,33.0
651,5626,1431,259,33,130,456,806.0,131.0,82.0
716,5309,1444,263,35,39,580,422.0,58.0,
849,5389,1604,315,76,35,607,400.0,100.0,76.0
410,3093,781,114,31,7,121,169.0,,
772,5489,1422,272,27,171,510,1217.0,62.0,22.0
468,3926,1043,180,24,94,349,746.0,65.0,26.0
686,5604,1421,256,29,170,528,974.0,50.0,33.0
759,5584,1464,307,21,135,527,1046.0,133.0,48.0
675,5210,1323,162,35,109,558,511.0,39.0,
749,5490,1390,292,30,167,604,1072.0,79.0,37.0
793,5567,1480,253,23,187,594,1030.0,167.0,68.0
1065,5591,1676,315,83,182,700,594.0,77.0,40.0
739,5537,1452,212,52,161,590,913.0,112.0,52.0
641,5501,1308,264,13,171,377,1424.0,86.0,22.0
791,4997,1399,286,31,175,560,923.0,99.0,44.0
641,4795,1250,192,66,26,325,387.0,176.0,
595,5165,1394,193,86,39,361,555.0,188.0,
892,5370,1620,300,98,57,537,438.0,101.0,67.0
604,5200,1248,195,29,134,463,886.0,87.0,48.0
625,4768,1217,162,53,14,563,531.0,288.0,
614,5358,1327,229,37,97,522,702.0,123.0,47.0
686,5496,1451,319,29,114,508,871.0,73.0,38.0
734,5406,1493,236,56,120,486,747.0,34.0,24.0
719,5510,1376,264,12,209,570,1326.0,101.0,29.0
932,4764,1442,241,90,37,471,301.0,220.0,
725,5626,1557,220,52,119,454,944.0,74.0,34.0
752,4756,1392,213,83,40,399,302.0,163.0,
729,5448,1512,278,70,51,570,447.0,47.0,42.0
692,5347,1353,216,36,132,624,779.0,196.0,91.0
743,5540,1443,245,35,183,540,1114.0,72.0,33.0
940,5672,1637,314,32,201,595,1045.0,82.0,47.0
657,5205,1353,237,45,93,540,534.0,60.0,41.0
604,5356,1251,227,31,189,460,1499.0,89.0,33.0
557,5088,1260,181,57,76,566,737.0,21.0,13.0
760,4589,1348,179,111,24,369,373.0,207.0,
733,5388,1395,288,42,138,582,914.0,137.0,52.0
744,5328,1393,256,54,91,601,684.0,114.0,
152,1072,248,29,9,0,18,40.0,8.0,13.0
610,5421,1325,277,35,107,489,1308.0,108.0,52.0
574,4892,1224,162,48,13,435,449.0,235.0,
560,5030,1244,145,60,20,366,592.0,221.0,
855,5659,1599,310,32,210,475,930.0,143.0,45.0
827,5623,1531,284,54,201,518,1144.0,86.0,50.0
753,5508,1445,297,29,129,554,1057.0,180.0,63.0
804,5605,1543,294,27,177,549,981.0,200.0,46.0
791,5487,1445,303,19,220,519,916.0,77.0,29.0
900,5568,1568,302,36,193,718,978.0,104.0,57.0
689,5605,1515,289,49,151,455,1259.0,83.0,51.0
698,5558,1410,273,31,127,450,1122.0,119.0,27.0
578,5396,1246,199,28,125,514,1124.0,47.0,30.0
441,2259,647,83,18,6,24,51.0,36.0,14.0
706,5286,1388,191,54,108,580,578.0,68.0,
820,5619,1510,327,16,192,672,1056.0,51.0,23.0
827,4828,1209,183,89,31,303,473.0,434.0,
657,4958,1323,218,34,125,446,994.0,58.0,39.0
45,449,81,9,6,0,1,22.0,4.0,6.0
657,5206,1307,213,60,35,502,617.0,139.0,
673,5497,1392,227,41,134,568,842.0,90.0,59.0
759,5508,1482,281,53,158,503,807.0,144.0,77.0
644,5448,1359,207,32,146,469,940.0,97.0,34.0
644,5127,1369,226,77,39,399,621.0,171.0,
772,5581,1451,290,34,166,560,1064.0,108.0,21.0
686,5427,1349,251,29,163,421,1258.0,124.0,33.0
588,5159,1262,181,50,14,627,640.0,234.0,
371,2333,677,91,20,3,88,157.0,,
588,5127,1266,221,37,104,478,586.0,42.0,
797,5453,1390,278,18,205,565,1197.0,71.0,26.0
706,5550,1494,250,43,135,478,762.0,73.0,52.0
764,5317,1491,236,50,144,491,584.0,57.0,35.0
654,5561,1403,264,45,137,474,919.0,97.0,46.0
827,5567,1441,280,22,222,550,1241.0,107.0,32.0
399,2865,663,87,41,11,112,226.0,,
674,5288,1417,252,59,62,514,631.0,43.0,31.0
697,5488,1411,284,30,162,487,1099.0,55.0,32.0
730,5246,1379,162,56,18,545,303.0,93.0,
550,3114,918,157,36,12,140,224.0,,
716,5392,1261,255,18,183,571,1462.0,64.0,16.0
897,5601,1540,314,12,223,640,1171.0,100.0,38.0
311,2802,557,104,15,6,123,529.0,,
851,5781,1684,373,32,185,514,1044.0,68.0,48.0
783,5557,1494,322,20,125,481,1110.0,45.0,22.0
620,5555,1450,267,43,111,473,1107.0,120.0,73.0
866,4708,1401,171,85,55,422,344.0,260.0,
897,5527,1483,281,20,242,670,982.0,84.0,33.0
716,5290,1400,228,62,115,530,597.0,42.0,21.0
749,5126,1392,165,80,29,545,517.0,231.0,188.0
590,5430,1358,217,39,98,448,645.0,28.0,52.0
628,5330,1408,223,45,107,422,712.0,50.0,40.0
710,5415,1314,251,14,186,523,1198.0,136.0,44.0
498,3534,883,111,58,6,142,259.0,,
753,4644,1203,150,120,27,433,377.0,312.0,
730,4916,1296,228,18,169,565,911.0,112.0,46.0
1131,5048,1550,261,78,39,442,342.0,581.0,
588,5070,1205,149,33,5,421,525.0,175.0,
851,5678,1603,333,32,152,462,805.0,117.0,51.0
809,5716,1540,285,35,181,496,848.0,110.0,59.0
727,5437,1435,251,27,149,610,818.0,137.0,52.0
721,5496,1368,305,31,163,447,1543.0,76.0,25.0
783,5560,1478,262,29,192,514,928.0,169.0,46.0
678,5317,1487,216,46,57,434,482.0,68.0,
557,4898,1249,216,48,65,505,578.0,19.0,31.0
729,5542,1426,277,32,153,561,1334.0,110.0,45.0
481,5291,1266,153,53,10,331,608.0,150.0,
547,3975,955,123,79,5,189,537.0,,
758,5415,1376,220,33,151,609,846.0,183.0,82.0
702,5288,1377,173,34,169,497,581.0,38.0,22.0
711,5309,1438,282,55,98,503,532.0,60.0,34.0
847,5486,1581,303,62,88,464,471.0,66.0,
614,5348,1376,224,37,116,504,643.0,36.0,47.0
667,5385,1346,263,26,187,563,1258.0,59.0,34.0
321,2841,673,102,24,4,45,182.0,,
582,5218,1312,195,68,24,315,547.0,155.0,137.0
752,5433,1538,296,59,110,388,574.0,61.0,
726,5465,1538,250,46,103,451,586.0,50.0,
548,5368,1333,201,34,72,503,899.0,142.0,78.0
617,5329,1512,238,50,88,294,615.0,66.0,80.0
786,5508,1470,287,24,157,655,930.0,73.0,54.0
530,4265,1185,165,84,15,304,303.0,128.0,
670,5450,1353,227,44,113,550,1023.0,121.0,78.0
959,4942,1311,165,51,57,612,436.0,279.0,
690,5297,1417,233,65,56,547,516.0,59.0,
655,5418,1355,250,31,149,503,1220.0,110.0,41.0
728,5491,1436,222,27,129,538,952.0,141.0,65.0
684,5375,1502,299,52,81,437,492.0,42.0,
801,5305,1429,223,57,108,591,556.0,69.0,33.0
775,5540,1498,253,45,191,547,984.0,115.0,52.0
682,5495,1384,169,43,159,476,844.0,47.0,27.0
636,3685,1001,189,59,21,149,309.0,,
756,5487,1498,256,44,64,515,488.0,55.0,
611,5519,1386,216,24,105,490,834.0,74.0,74.0
740,5488,1378,273,30,209,488,1399.0,66.0,36.0
772,4856,1142,192,82,21,378,697.0,284.0,
759,4866,1353,183,104,37,331,281.0,157.0,
736,5205,1401,160,101,27,434,498.0,181.0,
734,5641,1499,285,32,115,506,915.0,112.0,54.0
654,5473,1333,275,41,147,487,1138.0,134.0,50.0
457,4730,1156,175,71,35,349,565.0,103.0,
564,5145,1238,189,52,90,583,664.0,69.0,49.0
818,5511,1449,333,29,212,604,1153.0,88.0,23.0
746,5495,1437,322,22,164,594,1156.0,123.0,62.0
700,5506,1455,271,29,137,543,1032.0,126.0,43.0
707,5514,1415,250,56,92,620,674.0,76.0,40.0
574,5065,1261,193,68,40,420,587.0,184.0,
718,5499,1377,232,35,137,602,917.0,46.0,27.0
849,4804,1370,213,94,27,509,345.0,180.0,
831,5266,1579,270,69,41,596,385.0,87.0,62.0
964,4887,1352,186,93,34,502,369.0,272.0,
617,5382,1346,185,30,138,562,870.0,83.0,65.0
856,5502,1475,289,29,217,555,952.0,75.0,31.0
675,5588,1458,234,28,130,492,937.0,126.0,61.0
823,5644,1553,307,41,177,562,982.0,83.0,38.0
995,4815,1265,188,79,47,550,401.0,389.0,
675,5552,1450,264,33,147,382,1224.0,121.0,35.0
694,5201,1340,210,31,161,494,819.0,50.0,49.0
817,5372,1594,251,62,109,461,462.0,73.0,
711,5331,1266,213,12,222,621,1482.0,63.0,18.0
903,4684,1395,235,105,36,414,249.0,326.0,
541,5193,1314,195,74,39,368,494.0,106.0,
784,5481,1415,268,32,176,578,1164.0,161.0,72.0
855,5560,1432,277,29,249,619,1467.0,89.0,28.0
683,5410,1315,192,36,152,626,994.0,37.0,21.0
820,5628,1552,307,58,153,601,959.0,128.0,49.0
794,5549,1508,310,22,184,558,900.0,126.0,65.0
702,5463,1373,211,49,128,509,912.0,63.0,50.0
978,5646,1615,325,33,216,591,960.0,119.0,42.0
594,5456,1299,224,58,101,519,1066.0,72.0,64.0
729,5431,1311,271,17,228,525,1405.0,54.0,15.0
741,5577,1430,295,16,171,664,1119.0,52.0,20.0
711,5437,1404,294,25,144,522,990.0,100.0,39.0
772,5531,1388,267,19,175,523,1090.0,108.0,50.0
651,5422,1339,272,43,121,539,1238.0,155.0,46.0
823,5067,1451,231,89,47,514,497.0,319.0,
479,4068,1117,200,19,92,319,762.0,79.0,37.0
512,5204,1205,153,49,16,362,639.0,144.0,
583,5569,1404,180,44,80,422,953.0,130.0,59.0
632,5279,1380,207,56,52,574,522.0,53.0,
802,5439,1343,295,37,160,672,1292.0,172.0,47.0
528,4967,1229,152,72,15,451,573.0,171.0,
747,5499,1514,266,61,119,479,610.0,97.0,
691,5490,1505,251,47,110,404,871.0,49.0,30.0
865,5359,1517,304,55,124,683,567.0,67.0,51.0
668,5202,1471,321,52,26,381,366.0,63.0,72.0
60,688,137,20,1,0,12,45.0,27.0,9.0
901,5728,1619,376,35,194,595,1207.0,81.0,25.0
701,5441,1316,188,29,182,578,922.0,35.0,28.0
692,5521,1434,232,33,149,394,877.0,70.0,50.0
636,5360,1425,243,70,41,493,454.0,59.0,
819,4687,1310,156,65,15,410,460.0,341.0,
655,5480,1378,274,34,145,412,1299.0,84.0,29.0
375,4897,1044,110,60,28,323,608.0,113.0,
699,5075,1298,202,86,20,472,,274.0,
894,5661,1580,357,33,190,546,1081.0,37.0,25.0
649,5506,1460,262,53,63,347,496.0,36.0,
814,5461,1378,270,26,256,581,1460.0,45.0,24.0
419,2368,700,91,37,4,65,121.0,,
774,5643,1528,221,31,137,515,846.0,86.0,41.0
506,5100,1255,154,60,29,327,606.0,186.0,
718,5486,1447,275,32,148,499,968.0,96.0,43.0
557,5318,1245,185,40,126,450,1069.0,53.0,37.0
642,4050,1046,108,77,26,153,420.0,,
683,5423,1342,216,47,90,580,772.0,58.0,22.0
474,3982,990,159,54,15,406,324.0,110.0,
605,4906,1257,186,88,21,403,578.0,201.0,
791,4756,1209,155,68,20,418,536.0,311.0,
786,5468,1617,250,80,64,437,383.0,37.0,30.0
729,5419,1496,256,90,63,389,479.0,74.0,40.0
514,4725,1113,162,65,12,424,520.0,154.0,
593,5282,1299,250,39,79,456,509.0,37.0,
669,5024,1308,202,76,14,527,476.0,118.0,117.0
754,5537,1474,229,48,119,648,752.0,146.0,64.0
706,5336,1376,246,33,103,684,656.0,28.0,
463,3712,859,153,48,8,157,545.0,,
675,5575,1435,217,52,81,429,877.0,165.0,77.0
614,5508,1315,270,31,157,442,1477.0,65.0,40.0
659,5531,1460,238,29,121,497,873.0,124.0,77.0
788,5674,1555,223,61,154,469,919.0,65.0,31.0
698,4469,1158,151,59,14,457,482.0,292.0,
775,5283,1407,211,38,130,641,583.0,41.0,22.0
662,5453,1363,227,43,114,576,1024.0,235.0,99.0
703,5408,1387,251,24,152,544,842.0,140.0,51.0
718,5498,1392,243,41,158,572,1148.0,93.0,76.0
519,5028,1153,193,29,100,507,935.0,78.0,41.0
462,3813,890,129,62,20,125,561.0,,
691,5642,1487,222,32,138,528,804.0,151.0,56.0
564,5048,1239,117,88,14,289,588.0,156.0,
562,5308,1247,210,44,94,565,840.0,119.0,74.0
668,5443,1390,290,35,116,519,1032.0,92.0,56.0
738,5498,1434,269,36,110,622,784.0,160.0,57.0
896,5320,1500,272,36,131,835,510.0,43.0,25.0
619,5487,1357,259,25,103,440,1048.0,92.0,39.0
614,5499,1375,180,39,79,438,893.0,141.0,60.0
629,5552,1446,280,35,107,469,1078.0,67.0,26.0
746,5618,1515,267,47,147,445,1069.0,97.0,48.0
847,5364,1461,247,46,194,607,632.0,77.0,
720,5462,1519,296,60,69,398,514.0,48.0,
759,5510,1508,294,31,151,528,832.0,107.0,63.0
